# Blender 4.4.3
# www.blender.org
mtllib FarmAnimals_Horse.mtl
o FarmAnimals_Horse
v -0.171582 0.600537 0.042805
v -0.124211 0.676105 0.047375
v -0.158240 0.593438 -0.023966
v -0.114239 0.648765 -0.023863
v -0.059123 0.703387 0.014723
v -0.056485 0.676810 -0.033733
v 0.000000 0.708175 0.005036
v 0.000000 0.684108 -0.040367
v -0.055646 0.755786 0.049629
v 0.000000 0.750550 0.044204
v -0.063630 0.765458 -0.024512
v 0.000000 0.766496 -0.034772
v -0.064584 0.905705 -0.053229
v 0.000000 0.907124 -0.066738
v -0.064619 0.974385 -0.055159
v 0.000000 0.975911 -0.065039
v -0.054998 0.945184 0.088120
v 0.000000 0.949615 0.076897
v -0.066143 1.031977 -0.028017
v 0.000000 1.036769 -0.036867
v -0.064756 1.113880 0.004261
v 0.000000 1.116267 -0.006688
v -0.058723 1.169731 0.049647
v 0.000000 1.178449 0.037962
v -0.049564 1.101371 0.143730
v 0.000000 1.109175 0.135188
v -0.066596 1.192143 0.072640
v 0.000000 1.196533 0.063119
v -0.062610 1.244720 0.132436
v 0.000000 1.249632 0.120114
v -0.057265 1.271144 0.194789
v 0.000000 1.279121 0.182320
v -0.042354 1.174849 0.235457
v 0.000000 1.176186 0.235074
v -0.060658 1.283977 0.217697
v 0.000000 1.292068 0.206979
v -0.063957 1.293023 0.324921
v 0.000000 1.303992 0.327523
v -0.064283 1.275968 0.420790
v 0.000000 1.285471 0.424087
v -0.052633 1.238523 0.504062
v 0.000000 1.246204 0.520646
v -0.039511 1.122201 0.415946
v 0.000000 1.119521 0.420461
v -0.044077 1.154170 0.371569
v -0.045198 1.175580 0.316577
v -0.048438 1.148175 0.182081
v -0.055547 1.020973 0.107525
v -0.060923 0.876429 0.072019
v -0.159165 0.591560 -0.087407
v -0.189929 0.525899 -0.088940
v -0.114050 0.643074 -0.089710
v -0.058651 0.670077 -0.095015
v 0.000000 0.677668 -0.097994
v -0.137633 0.747756 0.135184
v -0.129171 0.862062 0.153936
v -0.180329 0.681138 0.255908
v -0.109404 0.855427 0.288599
v -0.144622 0.681485 0.308810
v -0.083573 0.850544 0.314098
v -0.100349 0.681637 0.349730
v -0.134162 0.895380 0.220336
v 0.000000 0.680412 0.387619
v 0.000000 0.857798 0.367135
v -0.064661 0.820261 -0.039674
v 0.000000 0.820629 -0.052947
v -0.059977 0.809438 0.061425
v -0.131464 0.807231 0.145610
v -0.127201 0.800966 0.270730
v -0.097181 0.798844 0.308771
v -0.066264 0.798302 0.346450
v 0.000000 0.798903 0.366844
v -0.151871 0.747695 0.199347
v -0.136290 0.853679 0.217040
v -0.141570 0.805109 0.209538
v -0.192439 0.528005 0.044891
v -0.183092 0.526304 -0.023537
v -0.189565 0.456187 0.044891
v -0.188648 0.455843 -0.023053
v -0.207496 0.451848 -0.103731
v -0.160691 0.382879 0.044891
v -0.158863 0.382876 -0.026241
v -0.116270 0.333833 0.044891
v -0.115963 0.332715 -0.027588
v -0.056226 0.298057 0.044891
v -0.055959 0.304340 -0.025223
v 0.000000 0.289528 0.044891
v 0.000000 0.296284 -0.023932
v -0.062427 0.672409 -0.154962
v 0.000000 0.678938 -0.157060
v -0.062978 0.663462 -0.211827
v 0.000000 0.669337 -0.212005
v -0.051218 0.642904 -0.260057
v 0.000000 0.646603 -0.259195
v -0.035700 0.610454 -0.293085
v 0.000000 0.611422 -0.288296
v -0.072624 0.605064 -0.290646
v -0.041273 0.569182 -0.318066
v -0.026894 0.547239 -0.323793
v 0.000000 0.539893 -0.326537
v -0.060445 0.572902 -0.360571
v -0.070869 0.554634 -0.413505
v -0.079873 0.520152 -0.459186
v -0.084930 0.466795 -0.499513
v -0.085360 0.401759 -0.524813
v -0.083870 0.339071 -0.528326
v -0.074094 0.274129 -0.522278
v -0.052597 0.211285 -0.509195
v -0.023143 0.154746 -0.490114
v -0.049395 0.617337 -0.354549
v -0.063802 0.615688 -0.423522
v -0.035663 0.641778 -0.350632
v -0.042437 0.659529 -0.422332
v 0.000000 0.653732 -0.348453
v 0.000000 0.667819 -0.419825
v 0.000000 0.530346 -0.359932
v 0.000000 0.508148 -0.399336
v 0.000000 0.471354 -0.430343
v 0.000000 0.427351 -0.448529
v -0.032156 0.536006 -0.361628
v -0.039954 0.512689 -0.400391
v -0.044740 0.478474 -0.433239
v -0.047473 0.432229 -0.454082
v 0.000000 0.384176 -0.458831
v -0.048414 0.381817 -0.465438
v 0.000000 0.333520 -0.459122
v -0.045556 0.332308 -0.465188
v 0.000000 0.278005 -0.447370
v -0.044241 0.276590 -0.455994
v 0.000000 0.221925 -0.433643
v -0.036430 0.218796 -0.442608
v 0.000000 0.169919 -0.422588
v -0.027181 0.166715 -0.430470
v 0.000000 0.119770 -0.417120
v -0.062167 0.353985 -0.599031
v 0.000000 0.120682 -0.474828
v -0.057646 0.270691 -0.584085
v -0.083302 0.491602 -0.547469
v -0.081983 0.423624 -0.582654
v -0.068725 0.583096 -0.421215
v -0.078745 0.552818 -0.494352
v -0.055547 0.587328 -0.358883
v -0.041206 0.210987 -0.560035
v -0.015562 0.155844 -0.519550
v 0.000000 0.207980 -0.567958
v 0.000000 0.155218 -0.524145
v 0.000000 0.320975 -0.600001
v 0.000000 0.266536 -0.593220
v -0.036372 0.279088 -0.632864
v 0.000000 0.275759 -0.623759
v 0.000000 0.224086 -0.650532
v -0.046079 0.369739 -0.648104
v -0.022972 0.289749 -0.661449
v 0.000000 0.372777 -0.658705
v 0.000000 0.292711 -0.668754
v -0.060622 0.439577 -0.629059
v 0.000000 0.442317 -0.639041
v -0.062494 0.509791 -0.587793
v 0.000000 0.512335 -0.599149
v -0.057022 0.575526 -0.529088
v 0.000000 0.565558 -0.548192
v -0.069988 0.605597 -0.482413
v -0.073557 0.584488 -0.540688
v -0.063974 0.543863 -0.595924
v -0.040912 0.500035 -0.642724
v 0.000000 0.454647 -0.689944
v 0.000000 0.508601 -0.629075
v 0.000000 0.667561 -0.485478
v -0.045909 0.657415 -0.486055
v -0.048584 0.631997 -0.551454
v 0.000000 0.646775 -0.553101
v -0.047382 0.586267 -0.610278
v 0.000000 0.592966 -0.614372
v -0.023882 0.513718 -0.656644
v 0.000000 0.517486 -0.664784
v -0.164199 0.184553 -0.331310
v -0.174316 0.185362 -0.296964
v -0.158411 0.185483 -0.262221
v -0.117328 0.185505 -0.257873
v -0.094538 0.184591 -0.285953
v -0.096329 0.183281 -0.324604
v -0.129938 0.183605 -0.347086
v -0.165169 0.133769 -0.328180
v -0.180406 0.136901 -0.296256
v -0.160469 0.141515 -0.267399
v -0.121285 0.140929 -0.260230
v -0.100949 0.137392 -0.287358
v -0.104121 0.133640 -0.321852
v -0.129770 0.134265 -0.342252
v -0.176827 0.089068 -0.337853
v -0.191703 0.099367 -0.293709
v -0.168951 0.110395 -0.256677
v -0.127779 0.109025 -0.253515
v -0.103291 0.099268 -0.283261
v -0.103471 0.089969 -0.324807
v -0.137506 0.085283 -0.350022
v -0.182124 0.062575 -0.319271
v -0.192952 0.079861 -0.284182
v -0.169361 0.090803 -0.255963
v -0.129191 0.094535 -0.248228
v -0.106703 0.082397 -0.274808
v -0.107825 0.069683 -0.309558
v -0.139113 0.057831 -0.329412
v -0.163450 0.224974 -0.334589
v -0.173324 0.223044 -0.295417
v -0.156433 0.205867 -0.258225
v -0.116460 0.205157 -0.255624
v -0.084176 0.213407 -0.284873
v -0.084137 0.220941 -0.326353
v -0.122777 0.226421 -0.350051
v -0.160443 0.264318 -0.332518
v -0.172888 0.245779 -0.290535
v -0.154559 0.227726 -0.250731
v -0.112420 0.226637 -0.248531
v -0.079298 0.239879 -0.279535
v -0.081429 0.259781 -0.324618
v -0.120965 0.271675 -0.349140
v -0.161366 0.292294 -0.306344
v -0.176174 0.264120 -0.272322
v -0.154396 0.241306 -0.237332
v -0.110619 0.237301 -0.233057
v -0.078683 0.258260 -0.262323
v -0.081691 0.286531 -0.304949
v -0.120050 0.303052 -0.322476
v -0.159967 0.332747 -0.300013
v -0.189259 0.302193 -0.220641
v -0.161101 0.276948 -0.179792
v -0.104919 0.266213 -0.174552
v -0.063296 0.284541 -0.219611
v -0.074370 0.319389 -0.299947
v -0.118189 0.335579 -0.313161
v -0.197378 0.030903 -0.313126
v -0.214008 0.038782 -0.264509
v -0.186619 0.042446 -0.223396
v -0.137703 0.042980 -0.212090
v -0.104780 0.039310 -0.244627
v -0.104802 0.035486 -0.292984
v -0.141035 0.028828 -0.327252
v -0.200022 0.000000 -0.313784
v -0.221687 0.000000 -0.256032
v -0.191136 0.000000 -0.207526
v -0.140391 0.000000 -0.194648
v -0.104980 0.000000 -0.232483
v -0.103990 0.000000 -0.288612
v -0.141713 0.000000 -0.326363
v -0.171273 0.385434 -0.300680
v -0.209754 0.350112 -0.186993
v -0.172049 0.326414 -0.137862
v -0.082208 0.329080 -0.141798
v -0.049383 0.333114 -0.199071
v -0.054143 0.383782 -0.308777
v -0.121493 0.390233 -0.329442
v 0.000000 0.323759 -0.143986
v -0.052338 0.325634 -0.145093
v 0.000000 0.341982 -0.191982
v -0.180692 0.501270 -0.284838
v -0.124945 0.508071 -0.320600
v -0.176577 0.553742 -0.264169
v -0.120747 0.562378 -0.299155
v -0.164287 0.593112 -0.241670
v -0.118551 0.619750 -0.258753
v -0.176373 0.598056 -0.144245
v -0.122701 0.648033 -0.151174
v -0.124595 0.642986 -0.207323
v -0.181347 0.600158 -0.197915
v -0.211745 0.544557 -0.208857
v -0.211262 0.534316 -0.144474
v -0.221346 0.487301 -0.224554
v -0.224735 0.468992 -0.157463
v -0.187090 0.452590 -0.084734
v -0.124408 0.450789 -0.330935
v -0.179251 0.444866 -0.296804
v -0.188579 0.321143 -0.266398
v -0.207472 0.372805 -0.250443
v -0.220750 0.431263 -0.237409
v -0.223958 0.412042 -0.168788
v -0.063006 0.300083 -0.260889
v -0.043221 0.353686 -0.251941
v -0.056825 0.506866 -0.331128
v -0.047880 0.452318 -0.328948
v 0.000000 0.501187 -0.324900
v 0.000000 0.447270 -0.311605
v 0.000000 0.403632 -0.284581
v 0.000000 0.370663 -0.245166
v -0.072110 0.565704 -0.314191
v -0.150382 0.184795 0.180220
v -0.157825 0.186615 0.213474
v -0.148046 0.186288 0.247029
v -0.109069 0.185527 0.251302
v -0.081922 0.184621 0.224242
v -0.088028 0.183983 0.188942
v -0.117605 0.183965 0.171322
v -0.143357 0.133986 0.181304
v -0.161260 0.134568 0.213993
v -0.140132 0.140973 0.244006
v -0.105889 0.139946 0.244966
v -0.084860 0.137033 0.221880
v -0.084314 0.133515 0.188414
v -0.111070 0.134327 0.166329
v -0.147778 0.089243 0.174977
v -0.162640 0.100355 0.217305
v -0.139062 0.107003 0.251996
v -0.103766 0.105593 0.253969
v -0.082748 0.099889 0.225493
v -0.077783 0.090778 0.187333
v -0.108755 0.085363 0.158120
v -0.152888 0.062897 0.190514
v -0.162478 0.079545 0.226139
v -0.137613 0.088550 0.251693
v -0.102166 0.091269 0.257809
v -0.080489 0.080619 0.234336
v -0.078561 0.069692 0.200931
v -0.109934 0.058655 0.182507
v -0.160356 0.229982 0.174795
v -0.170226 0.223137 0.214826
v -0.158021 0.215171 0.255649
v -0.105126 0.215024 0.255560
v -0.068731 0.219928 0.226427
v -0.076679 0.227575 0.186285
v -0.115343 0.232391 0.163438
v -0.159876 0.255614 0.175631
v -0.171642 0.247843 0.219793
v -0.154237 0.246843 0.262032
v -0.112298 0.248484 0.267572
v -0.078539 0.244939 0.235480
v -0.085876 0.255365 0.186532
v -0.120996 0.260473 0.164261
v -0.163887 0.289606 0.180770
v -0.175369 0.289362 0.225109
v -0.156008 0.286505 0.266409
v -0.113034 0.289659 0.266699
v -0.074029 0.290768 0.238856
v -0.082146 0.288007 0.183751
v -0.122403 0.291083 0.163622
v -0.194192 0.347339 0.169893
v -0.198876 0.346870 0.233799
v -0.165723 0.343910 0.278101
v -0.101092 0.356834 0.287428
v -0.058853 0.334534 0.241967
v -0.073992 0.317342 0.164231
v -0.116433 0.337679 0.135213
v -0.159211 0.030531 0.198955
v -0.181230 0.039977 0.245914
v -0.149365 0.040917 0.284290
v -0.102826 0.040995 0.295273
v -0.069764 0.038925 0.265172
v -0.070023 0.034960 0.217763
v -0.105584 0.028832 0.185077
v -0.160530 0.000000 0.198018
v -0.180963 0.000000 0.253990
v -0.152422 0.000000 0.301627
v -0.103502 0.000000 0.313860
v -0.066388 0.000000 0.277990
v -0.063901 0.000000 0.220795
v -0.101924 0.000000 0.180533
v -0.048515 0.317318 0.199693
v -0.129815 0.938229 0.225449
v -0.139474 0.979829 0.235794
v -0.123303 0.972772 0.180758
v -0.130385 1.022723 0.209318
v -0.128003 0.914871 0.165172
v -0.116707 0.336794 -0.102610
v -0.157470 0.387543 -0.090656
v -0.199420 0.389542 -0.118428
v -0.151147 0.000000 -0.301781
v -0.162189 0.000000 -0.244254
v -0.124139 0.000000 0.265979
v -0.113063 0.000000 0.208462
v -0.054369 0.301818 0.125530
v 0.000000 0.292780 0.125084
v 0.000000 0.331346 0.242238
v 0.000000 0.305921 0.197009
v 0.000000 0.366277 0.300862
v 0.000000 0.403874 0.353915
v 0.000000 0.474297 0.390370
v 0.000000 0.612747 0.398771
v -0.124659 0.408591 0.324137
v -0.135290 0.476295 0.349071
v -0.133657 0.544214 0.353998
v -0.177990 0.614539 0.311228
v -0.209288 0.614497 0.257018
v -0.212849 0.612978 0.191308
v -0.197769 0.607034 0.116408
v -0.203841 0.531612 0.112355
v -0.191483 0.460713 0.111720
v -0.154488 0.388194 0.120658
v -0.225845 0.540685 0.256900
v -0.225443 0.534814 0.187621
v -0.229683 0.472361 0.254233
v -0.227874 0.464906 0.182534
v -0.038830 0.746469 0.365893
v 0.000000 0.745878 0.373881
v -0.211590 0.395296 0.175939
v -0.215521 0.399313 0.242000
v -0.080234 0.746905 0.345906
v -0.146428 0.747741 0.262135
v -0.026439 0.854638 0.359188
v -0.198135 0.474139 0.306850
v -0.193809 0.542638 0.310209
v -0.122844 0.615551 0.353359
v -0.191719 0.404824 0.294020
v -0.068919 0.543202 0.382119
v -0.063877 0.614582 0.380271
v -0.099172 0.750925 0.081405
v -0.099349 0.868056 0.108277
v -0.098325 0.809292 0.098216
v -0.103834 1.069874 0.178190
v -0.099942 1.003644 0.144152
v -0.099483 0.935254 0.122246
v -0.182931 0.680921 0.191228
v -0.163062 0.678782 0.119098
v -0.114306 0.747163 0.306976
v -0.052176 0.681165 0.373303
v -0.032781 0.798376 0.360093
v -0.056947 0.847579 0.349186
v -0.072489 0.474527 0.371825
v -0.067284 0.410254 0.337466
v -0.058337 0.363110 0.292950
v 0.000000 0.540535 0.401209
v -0.128346 1.103542 0.225507
v -0.134172 1.100874 0.267851
v -0.114037 1.124226 0.301440
v -0.081816 1.154977 0.291692
v -0.087483 1.141167 0.355874
v -0.069729 1.162377 0.248356
v -0.089863 1.139025 0.214767
v -0.120541 1.116558 0.334545
v -0.141997 1.055650 0.246636
v -0.139329 1.065912 0.303325
v -0.154390 0.995989 0.267790
v -0.156503 0.931023 0.288959
v -0.145733 0.874076 0.315397
v -0.115890 0.855460 0.346790
v -0.076502 0.845515 0.375661
v -0.071762 0.853584 0.440873
v -0.039464 0.836919 0.430953
v 0.000000 0.837594 0.429738
v -0.038345 0.821382 0.478180
v 0.000000 0.819956 0.476045
v -0.038903 0.792397 0.520643
v 0.000000 0.786023 0.517279
v -0.046042 0.803729 0.569212
v 0.000000 0.798633 0.576923
v -0.046438 0.864797 0.612392
v 0.000000 0.862455 0.619773
v -0.039753 0.933744 0.616178
v 0.000000 0.934525 0.619945
v -0.041994 0.968853 0.583193
v 0.000000 0.970399 0.582869
v -0.080151 0.878287 0.572050
v -0.065681 0.942537 0.586553
v -0.040118 1.001263 0.543009
v 0.000000 1.007212 0.546179
v -0.041284 1.034806 0.497915
v 0.000000 1.043289 0.503043
v -0.042932 1.078204 0.455239
v 0.000000 1.085446 0.462917
v -0.054025 0.993583 0.481241
v -0.044865 0.979594 0.531542
v -0.068321 1.009243 0.444779
v -0.069405 0.828196 0.539799
v -0.068332 0.842329 0.492507
v -0.102551 0.975808 0.423932
v -0.134186 0.978932 0.387867
v -0.141482 1.015382 0.362368
v -0.138317 1.053856 0.354505
v -0.131926 1.051474 0.396612
v -0.065826 1.039322 0.440978
v -0.100553 1.047075 0.426877
v -0.107418 1.014497 0.431944
v -0.137880 1.016292 0.398884
v -0.122298 1.093324 0.372984
v -0.128806 0.877111 0.376053
v -0.141546 0.932051 0.387602
v -0.113397 0.922301 0.425507
v -0.080866 0.963955 0.477744
v -0.072886 0.952573 0.529064
v -0.090958 0.909679 0.463595
v -0.087309 0.892775 0.512432
v -0.154939 0.902037 0.344265
v -0.160816 0.940901 0.324986
v -0.153140 1.003822 0.311331
v -0.085740 1.107013 0.400586
v -0.086286 1.088813 0.426709
v -0.155640 1.159195 0.214968
v -0.153150 1.165751 0.259324
v -0.134617 1.180555 0.296791
v -0.103002 1.199914 0.281482
v -0.094987 1.206666 0.246078
v -0.118008 1.181503 0.206006
v -0.125792 1.245033 0.237574
v -0.144450 1.231359 0.211213
v -0.176103 1.221254 0.217335
v -0.171139 1.229516 0.250076
v -0.158120 1.240209 0.277487
v -0.181006 1.280095 0.234512
v -0.175344 1.286522 0.252091
v -0.133450 1.251568 0.267628
v -0.162800 1.282160 0.228406
v -0.164487 1.290313 0.252149
v -0.055042 0.314804 -0.088236
v 0.000000 0.307427 -0.085345
v -0.095636 0.863512 0.406313
v -0.033048 0.845088 0.389376
v 0.000000 0.849412 0.393519
v -0.145280 0.925134 0.255675
v -0.129314 0.887916 0.270779
v 0.171582 0.600537 0.042805
v 0.124211 0.676105 0.047375
v 0.158240 0.593438 -0.023966
v 0.114239 0.648765 -0.023863
v 0.059123 0.703387 0.014723
v 0.056485 0.676810 -0.033733
v 0.055646 0.755786 0.049629
v 0.063630 0.765458 -0.024512
v 0.064584 0.905705 -0.053229
v 0.064619 0.974385 -0.055159
v 0.054998 0.945184 0.088120
v 0.066143 1.031977 -0.028017
v 0.064756 1.113880 0.004261
v 0.058723 1.169731 0.049647
v 0.049564 1.101371 0.143730
v 0.066596 1.192143 0.072640
v 0.062610 1.244720 0.132436
v 0.057265 1.271144 0.194789
v 0.042354 1.174849 0.235457
v 0.060658 1.283977 0.217697
v 0.063957 1.293023 0.324921
v 0.064283 1.275968 0.420790
v 0.052633 1.238523 0.504062
v 0.039511 1.122201 0.415946
v 0.044077 1.154170 0.371569
v 0.045198 1.175580 0.316577
v 0.048438 1.148175 0.182081
v 0.055547 1.020973 0.107525
v 0.060923 0.876429 0.072019
v 0.159165 0.591560 -0.087407
v 0.189929 0.525899 -0.088940
v 0.114050 0.643074 -0.089710
v 0.058651 0.670077 -0.095015
v 0.137633 0.747756 0.135184
v 0.129171 0.862062 0.153936
v 0.180329 0.681138 0.255908
v 0.109404 0.855427 0.288599
v 0.144622 0.681485 0.308810
v 0.083573 0.850544 0.314098
v 0.100349 0.681637 0.349730
v 0.134162 0.895380 0.220336
v 0.064661 0.820261 -0.039674
v 0.059977 0.809438 0.061425
v 0.131464 0.807231 0.145610
v 0.127201 0.800966 0.270730
v 0.097181 0.798844 0.308771
v 0.066264 0.798302 0.346450
v 0.151871 0.747695 0.199347
v 0.136290 0.853679 0.217040
v 0.141570 0.805109 0.209538
v 0.192439 0.528005 0.044891
v 0.183092 0.526304 -0.023537
v 0.189565 0.456187 0.044891
v 0.188648 0.455843 -0.023053
v 0.207496 0.451848 -0.103731
v 0.160691 0.382879 0.044891
v 0.158863 0.382876 -0.026241
v 0.116270 0.333833 0.044891
v 0.115963 0.332715 -0.027588
v 0.056226 0.298057 0.044891
v 0.055959 0.304340 -0.025223
v 0.062427 0.672409 -0.154962
v 0.062978 0.663462 -0.211827
v 0.051218 0.642904 -0.260057
v 0.035700 0.610454 -0.293085
v 0.072624 0.605064 -0.290646
v 0.041273 0.569182 -0.318066
v 0.026894 0.547239 -0.323793
v 0.060445 0.572902 -0.360571
v 0.070869 0.554634 -0.413505
v 0.079873 0.520152 -0.459186
v 0.084930 0.466795 -0.499513
v 0.085360 0.401759 -0.524813
v 0.083870 0.339071 -0.528326
v 0.074094 0.274129 -0.522278
v 0.052597 0.211285 -0.509195
v 0.023143 0.154746 -0.490114
v 0.049395 0.617337 -0.354549
v 0.063802 0.615688 -0.423522
v 0.035663 0.641778 -0.350632
v 0.042437 0.659529 -0.422332
v 0.032156 0.536006 -0.361628
v 0.039954 0.512689 -0.400391
v 0.044740 0.478474 -0.433239
v 0.047473 0.432229 -0.454082
v 0.048414 0.381817 -0.465438
v 0.045556 0.332308 -0.465188
v 0.044241 0.276590 -0.455994
v 0.036430 0.218796 -0.442608
v 0.027181 0.166715 -0.430470
v 0.062167 0.353985 -0.599031
v 0.057646 0.270691 -0.584085
v 0.083302 0.491602 -0.547469
v 0.081983 0.423624 -0.582654
v 0.068725 0.583096 -0.421215
v 0.078745 0.552818 -0.494352
v 0.055547 0.587328 -0.358883
v 0.041206 0.210987 -0.560035
v 0.015562 0.155844 -0.519550
v 0.036372 0.279088 -0.632864
v 0.046079 0.369739 -0.648104
v 0.022972 0.289749 -0.661449
v 0.060622 0.439577 -0.629059
v 0.062494 0.509791 -0.587793
v 0.057022 0.575526 -0.529088
v 0.069988 0.605597 -0.482413
v 0.073557 0.584488 -0.540688
v 0.063974 0.543863 -0.595924
v 0.040912 0.500035 -0.642724
v 0.045909 0.657415 -0.486055
v 0.048584 0.631997 -0.551454
v 0.047382 0.586267 -0.610278
v 0.023882 0.513718 -0.656644
v 0.164199 0.184553 -0.331310
v 0.174316 0.185362 -0.296964
v 0.158411 0.185483 -0.262221
v 0.117328 0.185505 -0.257873
v 0.094538 0.184591 -0.285953
v 0.096329 0.183281 -0.324604
v 0.129938 0.183605 -0.347086
v 0.165169 0.133769 -0.328180
v 0.180406 0.136901 -0.296256
v 0.160469 0.141515 -0.267399
v 0.121285 0.140929 -0.260230
v 0.100949 0.137392 -0.287358
v 0.104121 0.133640 -0.321852
v 0.129770 0.134265 -0.342252
v 0.176827 0.089068 -0.337853
v 0.191703 0.099367 -0.293709
v 0.168951 0.110395 -0.256677
v 0.127779 0.109025 -0.253515
v 0.103291 0.099268 -0.283261
v 0.103471 0.089969 -0.324807
v 0.137506 0.085283 -0.350022
v 0.182124 0.062575 -0.319271
v 0.192952 0.079861 -0.284182
v 0.169361 0.090803 -0.255963
v 0.129191 0.094535 -0.248228
v 0.106703 0.082397 -0.274808
v 0.107825 0.069683 -0.309558
v 0.139113 0.057831 -0.329412
v 0.163450 0.224974 -0.334589
v 0.173324 0.223044 -0.295417
v 0.156433 0.205867 -0.258225
v 0.116460 0.205157 -0.255624
v 0.084176 0.213407 -0.284873
v 0.084137 0.220941 -0.326353
v 0.122777 0.226421 -0.350051
v 0.160443 0.264318 -0.332518
v 0.172888 0.245779 -0.290535
v 0.154559 0.227726 -0.250731
v 0.112420 0.226637 -0.248531
v 0.079298 0.239879 -0.279535
v 0.081429 0.259781 -0.324618
v 0.120965 0.271675 -0.349140
v 0.161366 0.292294 -0.306344
v 0.176174 0.264120 -0.272322
v 0.154396 0.241306 -0.237332
v 0.110619 0.237301 -0.233057
v 0.078683 0.258260 -0.262323
v 0.081691 0.286531 -0.304949
v 0.120050 0.303052 -0.322476
v 0.159967 0.332747 -0.300013
v 0.189259 0.302193 -0.220641
v 0.161101 0.276948 -0.179792
v 0.104919 0.266213 -0.174552
v 0.063296 0.284541 -0.219611
v 0.074370 0.319389 -0.299947
v 0.118189 0.335579 -0.313161
v 0.197378 0.030903 -0.313126
v 0.214008 0.038782 -0.264509
v 0.186619 0.042446 -0.223396
v 0.137703 0.042980 -0.212090
v 0.104780 0.039310 -0.244627
v 0.104802 0.035486 -0.292984
v 0.141035 0.028828 -0.327252
v 0.200022 0.000000 -0.313784
v 0.221687 0.000000 -0.256032
v 0.191136 0.000000 -0.207526
v 0.140391 0.000000 -0.194648
v 0.104980 0.000000 -0.232483
v 0.103990 0.000000 -0.288612
v 0.141713 0.000000 -0.326363
v 0.171273 0.385434 -0.300680
v 0.209754 0.350112 -0.186993
v 0.172049 0.326414 -0.137862
v 0.082208 0.329080 -0.141798
v 0.049383 0.333114 -0.199071
v 0.054143 0.383782 -0.308777
v 0.121493 0.390233 -0.329442
v 0.052338 0.325634 -0.145093
v 0.180692 0.501270 -0.284838
v 0.124945 0.508071 -0.320600
v 0.176577 0.553742 -0.264169
v 0.120747 0.562378 -0.299155
v 0.164287 0.593112 -0.241670
v 0.118551 0.619750 -0.258753
v 0.176373 0.598056 -0.144245
v 0.122701 0.648033 -0.151174
v 0.124595 0.642986 -0.207323
v 0.181347 0.600158 -0.197915
v 0.211745 0.544557 -0.208857
v 0.211262 0.534316 -0.144474
v 0.221346 0.487301 -0.224554
v 0.224735 0.468992 -0.157463
v 0.187090 0.452590 -0.084734
v 0.124408 0.450789 -0.330935
v 0.179251 0.444866 -0.296804
v 0.188579 0.321143 -0.266398
v 0.207472 0.372805 -0.250443
v 0.220750 0.431263 -0.237409
v 0.223958 0.412042 -0.168788
v 0.063006 0.300083 -0.260889
v 0.043221 0.353686 -0.251941
v 0.056825 0.506866 -0.331128
v 0.047880 0.452318 -0.328948
v 0.072110 0.565704 -0.314191
v 0.150382 0.184795 0.180220
v 0.157825 0.186615 0.213474
v 0.148046 0.186288 0.247029
v 0.109069 0.185527 0.251302
v 0.081922 0.184621 0.224242
v 0.088028 0.183983 0.188942
v 0.117605 0.183965 0.171322
v 0.143357 0.133986 0.181304
v 0.161260 0.134568 0.213993
v 0.140132 0.140973 0.244006
v 0.105889 0.139946 0.244966
v 0.084860 0.137033 0.221880
v 0.084314 0.133515 0.188414
v 0.111070 0.134327 0.166329
v 0.147778 0.089243 0.174977
v 0.162640 0.100355 0.217305
v 0.139062 0.107003 0.251996
v 0.103766 0.105593 0.253969
v 0.082748 0.099889 0.225493
v 0.077783 0.090778 0.187333
v 0.108755 0.085363 0.158120
v 0.152888 0.062897 0.190514
v 0.162478 0.079545 0.226139
v 0.137613 0.088550 0.251693
v 0.102166 0.091269 0.257809
v 0.080489 0.080619 0.234336
v 0.078561 0.069692 0.200931
v 0.109934 0.058655 0.182507
v 0.160356 0.229982 0.174795
v 0.170226 0.223137 0.214826
v 0.158021 0.215171 0.255649
v 0.105126 0.215024 0.255560
v 0.068731 0.219928 0.226427
v 0.076679 0.227575 0.186285
v 0.115343 0.232391 0.163438
v 0.159876 0.255614 0.175631
v 0.171642 0.247843 0.219793
v 0.154237 0.246843 0.262032
v 0.112298 0.248484 0.267572
v 0.078539 0.244939 0.235480
v 0.085876 0.255365 0.186532
v 0.120996 0.260473 0.164261
v 0.163887 0.289606 0.180770
v 0.175369 0.289362 0.225109
v 0.156008 0.286505 0.266409
v 0.113034 0.289659 0.266699
v 0.074029 0.290768 0.238856
v 0.082146 0.288007 0.183751
v 0.122403 0.291083 0.163622
v 0.194192 0.347339 0.169893
v 0.198876 0.346870 0.233799
v 0.165723 0.343910 0.278101
v 0.101092 0.356834 0.287428
v 0.058853 0.334534 0.241967
v 0.073992 0.317342 0.164231
v 0.116433 0.337679 0.135213
v 0.159211 0.030531 0.198955
v 0.181230 0.039977 0.245914
v 0.149365 0.040917 0.284290
v 0.102826 0.040995 0.295273
v 0.069764 0.038925 0.265172
v 0.070023 0.034960 0.217763
v 0.105584 0.028832 0.185077
v 0.160530 0.000000 0.198018
v 0.180963 0.000000 0.253990
v 0.152422 0.000000 0.301627
v 0.103502 0.000000 0.313860
v 0.066388 0.000000 0.277990
v 0.063901 0.000000 0.220795
v 0.101924 0.000000 0.180533
v 0.048515 0.317318 0.199693
v 0.129815 0.938229 0.225449
v 0.139474 0.979829 0.235794
v 0.123303 0.972772 0.180758
v 0.130385 1.022723 0.209318
v 0.128003 0.914871 0.165172
v 0.116707 0.336794 -0.102610
v 0.157470 0.387543 -0.090656
v 0.199420 0.389542 -0.118428
v 0.151147 0.000000 -0.301781
v 0.162189 0.000000 -0.244254
v 0.124139 0.000000 0.265979
v 0.113063 0.000000 0.208462
v 0.054369 0.301818 0.125530
v 0.124659 0.408591 0.324137
v 0.135290 0.476295 0.349071
v 0.133657 0.544214 0.353998
v 0.177990 0.614539 0.311228
v 0.209288 0.614497 0.257018
v 0.212849 0.612978 0.191308
v 0.197769 0.607034 0.116408
v 0.203841 0.531612 0.112355
v 0.191483 0.460713 0.111720
v 0.154488 0.388194 0.120658
v 0.225845 0.540685 0.256900
v 0.225443 0.534814 0.187621
v 0.229683 0.472361 0.254233
v 0.227874 0.464906 0.182534
v 0.038830 0.746469 0.365893
v 0.211590 0.395296 0.175939
v 0.215521 0.399313 0.242000
v 0.080234 0.746905 0.345906
v 0.146428 0.747741 0.262135
v 0.026439 0.854638 0.359188
v 0.198135 0.474139 0.306850
v 0.193809 0.542638 0.310209
v 0.122844 0.615551 0.353359
v 0.191719 0.404824 0.294020
v 0.068919 0.543202 0.382119
v 0.063877 0.614582 0.380271
v 0.099172 0.750925 0.081405
v 0.099349 0.868056 0.108277
v 0.098325 0.809292 0.098216
v 0.103834 1.069874 0.178190
v 0.099942 1.003644 0.144152
v 0.099483 0.935254 0.122246
v 0.182931 0.680921 0.191228
v 0.163062 0.678782 0.119098
v 0.114306 0.747163 0.306976
v 0.052176 0.681165 0.373303
v 0.032781 0.798376 0.360093
v 0.056947 0.847579 0.349186
v 0.072489 0.474527 0.371825
v 0.067284 0.410254 0.337466
v 0.058337 0.363110 0.292950
v 0.128346 1.103542 0.225507
v 0.134172 1.100874 0.267851
v 0.114037 1.124226 0.301440
v 0.081816 1.154977 0.291692
v 0.087483 1.141167 0.355874
v 0.069729 1.162377 0.248356
v 0.089863 1.139025 0.214767
v 0.120541 1.116558 0.334545
v 0.141997 1.055650 0.246636
v 0.139329 1.065912 0.303325
v 0.154390 0.995989 0.267790
v 0.156503 0.931023 0.288959
v 0.145733 0.874076 0.315397
v 0.115890 0.855460 0.346790
v 0.076502 0.845515 0.375661
v 0.071762 0.853584 0.440873
v 0.039464 0.836919 0.430953
v 0.038345 0.821382 0.478180
v 0.038903 0.792397 0.520643
v 0.046042 0.803729 0.569212
v 0.046438 0.864797 0.612392
v 0.039753 0.933744 0.616178
v 0.041994 0.968853 0.583193
v 0.080151 0.878287 0.572050
v 0.065681 0.942537 0.586553
v 0.040118 1.001263 0.543009
v 0.041284 1.034806 0.497915
v 0.042932 1.078204 0.455239
v 0.054025 0.993583 0.481241
v 0.044865 0.979594 0.531542
v 0.068321 1.009243 0.444779
v 0.069405 0.828196 0.539799
v 0.068332 0.842329 0.492507
v 0.102551 0.975808 0.423932
v 0.134186 0.978932 0.387867
v 0.141482 1.015382 0.362368
v 0.138317 1.053856 0.354505
v 0.131926 1.051474 0.396612
v 0.065826 1.039322 0.440978
v 0.100553 1.047075 0.426877
v 0.107418 1.014497 0.431944
v 0.137880 1.016292 0.398884
v 0.122298 1.093324 0.372984
v 0.128806 0.877111 0.376053
v 0.141546 0.932051 0.387602
v 0.113397 0.922301 0.425507
v 0.080866 0.963955 0.477744
v 0.072886 0.952573 0.529064
v 0.090958 0.909679 0.463595
v 0.087309 0.892775 0.512432
v 0.154939 0.902037 0.344265
v 0.160816 0.940901 0.324986
v 0.153140 1.003822 0.311331
v 0.085740 1.107013 0.400586
v 0.086286 1.088813 0.426709
v 0.155640 1.159195 0.214968
v 0.153150 1.165751 0.259324
v 0.134617 1.180555 0.296791
v 0.103002 1.199914 0.281482
v 0.094987 1.206666 0.246078
v 0.118008 1.181503 0.206006
v 0.125792 1.245033 0.237574
v 0.144450 1.231359 0.211213
v 0.176103 1.221254 0.217335
v 0.171139 1.229516 0.250076
v 0.158120 1.240209 0.277487
v 0.181006 1.280095 0.234512
v 0.175344 1.286522 0.252091
v 0.133450 1.251568 0.267628
v 0.162800 1.282160 0.228406
v 0.164487 1.290313 0.252149
v 0.055042 0.314804 -0.088236
v 0.095636 0.863512 0.406313
v 0.033048 0.845088 0.389376
v 0.145280 0.925134 0.255675
v 0.129314 0.887916 0.270779
v -0.133758 1.069339 0.429401
v -0.111255 1.113592 0.419716
v -0.156964 1.081291 0.396602
v -0.137420 1.124793 0.386783
v -0.114818 1.053623 0.403401
v -0.093318 1.098356 0.392056
v -0.137213 1.062599 0.373973
v -0.116432 1.110294 0.361793
v -0.101033 1.058363 0.458886
v -0.084814 1.104270 0.446549
v -0.070296 1.090114 0.417206
v -0.085034 1.044583 0.430599
v -0.064893 1.051268 0.479753
v -0.053959 1.094411 0.465500
v -0.046527 1.081506 0.435491
v -0.055843 1.038817 0.450365
v 0.133758 1.069339 0.429401
v 0.111255 1.113592 0.419716
v 0.156964 1.081291 0.396602
v 0.137420 1.124793 0.386783
v 0.114818 1.053623 0.403401
v 0.093318 1.098356 0.392056
v 0.137213 1.062599 0.373973
v 0.116432 1.110294 0.361793
v 0.101033 1.058363 0.458886
v 0.084814 1.104270 0.446549
v 0.070296 1.090114 0.417206
v 0.085034 1.044583 0.430599
v 0.064893 1.051268 0.479753
v 0.053959 1.094411 0.465500
v 0.046527 1.081506 0.435491
v 0.055843 1.038817 0.450365
vn -0.8793 0.3846 -0.2810
vn -0.7021 0.5530 -0.4486
vn -0.6463 0.7329 -0.2126
vn -0.8689 0.4822 -0.1120
vn -0.3530 0.7134 -0.6053
vn -0.3187 0.9066 -0.2767
vn -0.0000 0.7698 -0.6383
vn -0.0000 0.9571 -0.2899
vn -0.0000 -0.9868 -0.1622
vn -0.0560 -0.9852 -0.1619
vn -0.0000 -0.2239 -0.9746
vn -0.1841 -0.2241 -0.9570
vn -0.1891 -0.0800 -0.9787
vn -0.0000 -0.0777 -0.9970
vn -0.1781 -0.0017 -0.9840
vn -0.0000 -0.0017 -1.0000
vn -0.0000 0.9964 0.0845
vn -0.0159 0.9814 0.1912
vn -0.0158 0.9814 0.1912
vn -0.0000 0.9976 0.0690
vn -0.0000 -0.8646 -0.5024
vn -0.0379 -0.7979 -0.6016
vn -0.0381 -0.7980 -0.6015
vn -0.0000 -0.8703 -0.4926
vn -0.0000 0.3621 -0.9321
vn -0.1588 0.3575 -0.9203
vn -0.1793 0.4845 -0.8562
vn -0.0000 0.4884 -0.8726
vn -0.1961 0.6010 -0.7748
vn -0.0000 0.6129 -0.7901
vn -0.0000 0.8114 0.5845
vn -0.0146 0.8113 0.5844
vn -0.0000 -0.6296 -0.7769
vn -0.0546 -0.6287 -0.7757
vn -0.0000 0.7443 -0.6678
vn -0.1642 0.7342 -0.6587
vn -0.1739 0.8304 -0.5293
vn -0.0000 0.8336 -0.5523
vn -0.1788 0.9004 -0.3965
vn -0.0000 0.9152 -0.4030
vn -0.0000 0.4292 0.9032
vn 0.0762 0.4280 0.9006
vn -0.0474 0.9283 -0.3688
vn -0.0000 0.9480 -0.3182
vn -0.0862 -0.2057 -0.9748
vn -0.0000 -0.2064 -0.9785
vn -0.0000 0.9956 -0.0940
vn -0.1564 0.9833 -0.0928
vn -0.1612 0.9860 0.0422
vn -0.0000 0.9989 0.0470
vn -0.1815 0.9414 0.2844
vn -0.0000 0.9556 0.2946
vn -0.1990 0.8967 0.3954
vn -0.0000 0.9150 0.4035
vn -0.0000 -0.6174 0.7866
vn -0.1450 -0.6109 0.7783
vn -0.9984 -0.0251 0.0505
vn -0.9986 -0.0216 0.0480
vn -0.9967 -0.0472 0.0665
vn -0.9986 0.0204 0.0490
vn -0.9988 0.0155 0.0464
vn -0.9977 0.0368 0.0574
vn -0.9960 -0.0039 0.0893
vn -0.9954 0.0039 0.0957
vn -0.9969 -0.0197 0.0763
vn -0.9937 0.0217 0.1102
vn -0.9876 -0.0819 0.1340
vn -0.9875 -0.0824 0.1343
vn -0.9881 -0.0795 0.1320
vn -0.9870 -0.0850 0.1364
vn -0.9871 -0.1573 -0.0290
vn -0.9871 -0.1575 -0.0288
vn -0.9864 -0.1624 -0.0237
vn -0.9876 -0.1568 0.0048
vn -0.9876 -0.1567 0.0041
vn -0.9864 -0.1601 0.0382
vn -0.0000 0.9994 -0.0349
vn -0.2782 0.9604 -0.0137
vn -0.5904 0.8055 0.0499
vn -0.8232 0.5486 0.1463
vn -0.7494 0.1400 -0.6471
vn -0.7016 0.3322 -0.6304
vn -0.8744 0.3106 -0.3728
vn -0.9205 0.1383 -0.3655
vn -0.9862 0.1610 0.0378
vn -0.9465 0.3180 -0.0551
vn -0.8824 0.3201 0.3449
vn -0.8849 0.1728 0.4325
vn -0.7439 0.2664 0.6129
vn -0.7604 0.1551 0.6307
vn -0.5804 0.2078 0.7874
vn -0.5878 0.1289 0.7987
vn -0.3000 0.0786 0.9507
vn -0.3161 0.1558 0.9359
vn -0.0000 0.1589 0.9873
vn -0.0000 0.0763 0.9971
vn -0.3389 0.1740 0.9246
vn -0.3432 0.1082 0.9330
vn -0.0000 0.0967 0.9953
vn -0.0000 0.1699 0.9855
vn -0.5517 0.0773 0.8305
vn -0.2869 0.0256 0.9576
vn -0.8808 -0.4134 0.2309
vn -0.7618 0.1034 0.6395
vn -0.9958 0.0326 0.0857
vn -0.7619 0.1285 -0.6349
vn -0.9366 0.0924 -0.3379
vn -0.0000 -0.2941 -0.9558
vn -0.1696 -0.2899 -0.9419
vn -0.9815 0.1871 -0.0417
vn -0.9832 0.0970 -0.1547
vn -0.9830 -0.1824 -0.0193
vn -0.9741 -0.2239 -0.0312
vn -0.9853 0.0464 0.1643
vn -0.8236 -0.0855 0.5606
vn -0.9412 0.2400 0.2380
vn -0.9292 0.3024 0.2125
vn -0.8512 -0.5243 -0.0235
vn -0.8512 -0.5243 0.0239
vn -0.6018 -0.7973 -0.0473
vn -0.6344 -0.7729 0.0168
vn -0.2828 -0.9540 -0.0997
vn -0.3234 -0.9462 -0.0099
vn -0.0000 -0.9913 -0.1320
vn -0.0000 -0.9997 -0.0241
vn -0.0000 0.9978 -0.0666
vn -0.2443 0.9690 -0.0361
vn -0.0000 0.9562 -0.2926
vn -0.2183 0.9333 -0.2851
vn -0.0000 0.8121 -0.5836
vn -0.1518 0.8029 -0.5765
vn -0.0000 0.6779 -0.7351
vn -0.1036 0.6362 -0.7645
vn -0.5802 0.7465 0.3257
vn -0.0000 0.9255 0.3788
vn -0.0000 0.9938 0.1113
vn -0.6072 0.7868 0.1109
vn -0.6536 0.5956 0.4670
vn -0.0000 0.8478 0.5303
vn -0.9453 0.3042 0.1181
vn -0.9322 0.2821 0.2269
vn -0.8226 -0.2137 0.5270
vn -0.8268 -0.2016 0.5252
vn -0.7966 -0.3192 0.5133
vn -0.7942 -0.3352 0.5069
vn -0.7775 -0.4480 0.4412
vn -0.7761 -0.4581 0.4334
vn -0.7642 -0.5456 0.3438
vn -0.7640 -0.5491 0.3388
vn -0.0000 -0.7667 0.6421
vn -0.0000 -0.9127 0.4087
vn -0.1691 -0.8961 0.4103
vn -0.1336 -0.7574 0.6391
vn -0.0000 -0.5271 0.8498
vn -0.1314 -0.5325 0.8361
vn -0.0000 -0.3068 0.9518
vn -0.1319 -0.3086 0.9420
vn -0.0000 -0.9558 0.2940
vn -0.2011 -0.9363 0.2880
vn -0.7598 -0.5840 0.2857
vn -0.1318 -0.1109 0.9851
vn -0.0000 -0.1194 0.9928
vn -0.1491 0.0872 0.9850
vn -0.0000 0.0889 0.9960
vn -0.1903 0.1954 0.9621
vn -0.0000 0.2001 0.9798
vn -0.2424 0.2002 0.9493
vn -0.0000 0.2057 0.9786
vn -0.2768 0.1537 0.9485
vn -0.0000 0.1532 0.9882
vn -0.0000 0.1084 0.9941
vn -0.9086 -0.0795 0.4099
vn -0.9434 -0.2158 0.2518
vn -0.9453 -0.2336 0.2277
vn -0.9141 -0.0952 0.3941
vn -0.8692 -0.0367 0.4930
vn -0.8724 -0.0339 0.4877
vn -0.8495 -0.1051 0.5171
vn -0.8508 -0.0952 0.5169
vn -0.9105 -0.4049 0.0836
vn -0.9061 -0.4157 0.0780
vn -0.0000 -0.9993 0.0381
vn -0.9577 -0.1276 -0.2579
vn -0.9346 -0.1351 -0.3291
vn -0.9394 -0.2289 -0.2551
vn -0.9371 -0.2431 -0.2505
vn -0.9990 0.0421 -0.0125
vn -0.9669 0.1673 -0.1926
vn -0.9627 -0.0060 -0.2703
vn -0.9881 -0.0610 -0.1414
vn -0.9815 0.1462 0.1237
vn -0.9797 0.1536 0.1288
vn -0.9740 0.1926 -0.1195
vn -0.9939 0.0952 0.0556
vn -0.5926 0.4806 -0.6465
vn -0.7179 0.4661 -0.5171
vn -0.8723 -0.4424 -0.2082
vn -0.8866 -0.4120 -0.2104
vn -0.8122 -0.5455 -0.2067
vn -0.7916 -0.5732 -0.2115
vn -0.1945 -0.5006 -0.8436
vn -0.0000 -0.5287 -0.8488
vn -0.0000 -0.7284 -0.6851
vn -0.2036 -0.7162 -0.6675
vn -0.7589 -0.6136 -0.2183
vn -0.0000 -0.8191 -0.5736
vn -0.1318 -0.1587 -0.9785
vn -0.0000 -0.1601 -0.9871
vn -0.0000 -0.2875 -0.9578
vn -0.1561 -0.2674 -0.9508
vn -0.2406 -0.4612 0.8541
vn -0.2459 -0.4554 0.8557
vn -0.0000 -0.4678 0.8838
vn -0.0000 -0.4751 0.8799
vn -0.0000 -0.4600 0.8879
vn -0.6000 -0.1621 -0.7834
vn -0.8578 -0.2520 -0.4479
vn -0.6397 0.0231 -0.7683
vn -0.0000 0.1793 -0.9838
vn -0.0000 -0.0590 -0.9983
vn -0.0000 -0.4169 -0.9090
vn -0.6276 0.2314 -0.7433
vn -0.0000 0.3757 -0.9267
vn -0.0000 0.5899 -0.8075
vn -0.0000 0.6814 -0.7319
vn -0.9527 0.1548 0.2616
vn -0.9398 0.2111 0.2689
vn -0.9514 0.0783 0.2980
vn -0.9461 0.3181 -0.0614
vn -0.6095 -0.7327 0.3027
vn -0.3690 -0.8428 0.3918
vn -0.3727 -0.8417 0.3908
vn -0.0000 -0.7483 0.6633
vn -0.0000 -0.7781 0.6281
vn -0.0960 -0.7703 0.6304
vn -0.0000 -0.8534 0.5212
vn -0.1453 -0.8259 0.5448
vn -0.6074 0.7851 -0.1212
vn -0.0000 0.9863 -0.1650
vn -0.0000 0.8781 -0.4785
vn -0.6108 0.6893 -0.3897
vn -0.0000 0.6583 -0.7527
vn -0.5884 0.4998 -0.6356
vn -0.8391 0.2348 -0.4906
vn -0.8990 0.3688 -0.2362
vn -0.0000 0.4492 -0.8934
vn -0.5297 0.3092 -0.7898
vn -0.7468 0.1512 -0.6476
vn -0.0000 0.2894 -0.9572
vn 0.8411 -0.2098 -0.4986
vn 0.8818 -0.0619 -0.4676
vn 0.1655 0.0247 -0.9859
vn 0.0672 -0.1058 -0.9921
vn 0.3678 -0.1571 0.9166
vn 0.4065 0.0175 0.9135
vn 0.9530 -0.0776 0.2930
vn 0.9207 -0.2167 0.3247
vn -0.9968 0.0350 0.0712
vn -0.9766 0.2098 0.0465
vn -0.5613 0.1705 0.8098
vn -0.5846 -0.0446 0.8101
vn -0.7377 -0.0097 -0.6751
vn -0.6882 0.1458 -0.7107
vn -0.6529 -0.0705 -0.7541
vn -0.9816 0.1884 0.0303
vn 0.8567 -0.2089 -0.4717
vn 0.1373 -0.2322 -0.9629
vn 0.3759 0.1797 0.9090
vn 0.9572 -0.0304 0.2878
vn -0.5330 0.2713 0.8014
vn 0.1529 -0.5983 -0.7865
vn -0.7511 -0.3003 -0.5880
vn 0.9324 -0.0082 0.3614
vn 0.8707 -0.3872 -0.3031
vn -0.5725 0.1931 0.7969
vn 0.3583 0.1857 0.9149
vn -0.9878 0.0737 0.1371
vn 0.0977 -0.0417 -0.9943
vn 0.8494 -0.1641 -0.5016
vn 0.9165 -0.2603 0.3039
vn 0.3443 -0.2687 0.8996
vn -0.5866 -0.1437 0.7970
vn -0.9981 0.0109 0.0611
vn -0.7466 0.0322 -0.6645
vn 0.3867 -0.5531 0.7379
vn -0.6089 -0.4390 0.6607
vn -0.9998 -0.0190 -0.0034
vn -0.7079 0.2715 -0.6521
vn 0.0772 0.3613 -0.9293
vn 0.8406 0.1480 -0.5211
vn 0.9513 -0.2200 0.2162
vn -0.7635 0.2264 -0.6048
vn 0.0464 0.4113 -0.9103
vn 0.8417 0.1030 -0.5301
vn 0.8990 -0.4260 0.1011
vn 0.3039 -0.8145 0.4942
vn -0.5538 -0.7055 0.4421
vn -0.9700 -0.2420 -0.0239
vn -0.0281 -0.0458 -0.9986
vn 0.6937 -0.1821 -0.6969
vn 0.8448 -0.5034 0.1813
vn 0.2937 -0.7331 0.6135
vn -0.4837 -0.6834 0.5468
vn -0.9074 -0.4162 0.0586
vn -0.5932 -0.0059 -0.8051
vn -0.2539 0.0070 -0.9672
vn -0.3486 0.2230 -0.9104
vn -0.0240 0.0971 -0.9950
vn 0.1807 -0.1526 -0.9716
vn -0.9019 -0.1633 -0.3999
vn 0.9437 0.2003 0.2634
vn 0.3556 0.5289 0.7706
vn 0.2700 0.4373 0.8578
vn 0.9136 0.1858 0.3616
vn -0.4637 0.6043 0.6479
vn -0.8790 0.4756 0.0335
vn -0.9358 0.3425 0.0832
vn -0.5320 0.4670 0.7063
vn -0.6070 0.1205 -0.7855
vn 0.2710 -0.1596 -0.9492
vn 0.2466 -0.0871 -0.9652
vn -0.6880 0.1167 -0.7163
vn 0.8972 -0.0917 -0.4320
vn 0.9306 -0.0433 -0.3634
vn 0.2656 -0.0271 -0.9637
vn -0.6713 0.0632 -0.7385
vn 0.8922 0.1417 0.4289
vn 0.9348 -0.0228 -0.3545
vn -0.5271 0.3499 0.7744
vn 0.2229 0.3442 0.9121
vn -0.9638 0.2205 0.1501
vn 0.0565 -0.9656 0.2536
vn -0.5277 -0.5954 0.6058
vn -0.9120 -0.1787 -0.3692
vn -0.6395 -0.1037 -0.7618
vn -0.1415 -0.1610 -0.9768
vn 0.4264 -0.3809 -0.8204
vn 0.5920 -0.8039 -0.0581
vn -0.9222 -0.3640 0.1307
vn 0.9305 -0.2983 -0.2124
vn 0.6953 -0.6105 -0.3792
vn -0.2130 -0.9644 -0.1569
vn -0.0000 -0.9798 -0.2000
vn -0.0000 -0.9717 -0.2362
vn -0.0913 -0.9781 -0.1873
vn -0.0000 -0.9472 -0.3207
vn -0.6893 0.0453 -0.7230
vn -0.7000 0.2239 -0.6781
vn -0.6877 0.4088 -0.5999
vn -0.4023 0.4273 -0.8096
vn -0.6418 0.5891 -0.4909
vn -0.4215 0.6936 -0.5841
vn -0.4844 0.8444 -0.2287
vn -0.7607 0.6325 -0.1458
vn -0.7821 0.5983 0.1741
vn -0.5315 0.8452 0.0559
vn -0.9128 0.3591 -0.1943
vn -0.9500 0.1435 -0.2774
vn -0.9798 -0.2000 0.0062
vn -0.9435 -0.0380 -0.3292
vn -0.9738 -0.1812 0.1372
vn -0.0000 -0.0411 -0.9992
vn -0.0000 -0.2843 -0.9587
vn -0.0000 -0.6298 -0.7768
vn -0.0000 -0.8655 -0.5009
vn -0.2353 0.5905 -0.7720
vn -0.2021 0.3953 -0.8960
vn -0.1287 0.3653 -0.9220
vn -0.0000 0.0531 -0.9986
vn -0.0314 0.1433 -0.9892
vn 0.8255 -0.0976 -0.5559
vn 0.8931 0.1033 -0.4378
vn 0.1527 0.1147 -0.9816
vn 0.1127 -0.0669 -0.9914
vn 0.3182 -0.1781 0.9312
vn 0.4104 0.0634 0.9097
vn 0.9417 0.0581 0.3314
vn 0.9282 -0.1748 0.3286
vn -0.9810 -0.1930 0.0174
vn -0.9981 0.0299 0.0544
vn -0.5291 0.0399 0.8476
vn -0.5785 -0.2280 0.7832
vn -0.6950 -0.1375 -0.7057
vn -0.6962 0.0511 -0.7161
vn -0.6738 -0.1410 -0.7253
vn -0.9944 0.0616 0.0857
vn 0.9045 -0.0911 -0.4166
vn 0.1636 -0.2298 -0.9594
vn 0.3952 0.2203 0.8918
vn 0.9361 0.1602 0.3131
vn -0.4764 0.1502 0.8663
vn 0.1752 -0.5977 -0.7823
vn -0.7510 -0.3142 -0.5807
vn 0.9239 0.1969 0.3281
vn 0.9335 -0.2241 -0.2801
vn -0.5117 0.1062 0.8526
vn 0.4301 0.2377 0.8709
vn -0.9824 0.0304 0.1845
vn 0.1704 -0.0311 -0.9849
vn 0.8483 0.0315 -0.5285
vn 0.9610 -0.0597 0.2702
vn 0.3692 -0.2128 0.9047
vn -0.6361 -0.2607 0.7262
vn -0.9875 -0.1576 0.0085
vn -0.7110 -0.1089 -0.6947
vn 0.2835 -0.1262 0.9506
vn -0.5586 -0.1441 0.8168
vn -0.9967 -0.0489 0.0648
vn -0.7044 -0.0029 -0.7098
vn 0.0941 0.0276 -0.9952
vn 0.8191 0.0833 -0.5675
vn 0.9060 0.0229 0.4227
vn -0.7440 -0.2575 -0.6166
vn -0.0039 -0.2965 -0.9550
vn 0.7161 -0.4199 -0.5576
vn 0.8569 -0.2954 0.4225
vn 0.2914 -0.1797 0.9396
vn -0.5250 -0.2115 0.8244
vn -0.9572 -0.2567 0.1336
vn -0.2387 -0.4712 -0.8491
vn 0.4865 -0.6320 -0.6032
vn 0.3414 -0.7228 0.6009
vn 0.0411 -0.5570 0.8295
vn -0.4904 -0.4012 0.7736
vn -0.9036 -0.3792 0.1993
vn -0.7639 -0.4121 -0.4967
vn 0.8912 0.3726 0.2588
vn 0.2877 0.5986 0.7476
vn 0.2522 0.4851 0.8373
vn 0.8781 0.3161 0.3593
vn -0.4363 0.5882 0.6809
vn -0.9091 0.4097 0.0755
vn -0.9572 0.2656 0.1146
vn -0.5087 0.4462 0.7363
vn -0.6399 -0.0021 -0.7685
vn 0.2054 -0.1519 -0.9668
vn 0.2440 -0.0105 -0.9697
vn -0.6836 0.0229 -0.7295
vn 0.8756 0.0530 -0.4801
vn 0.9213 0.1241 -0.3686
vn 0.2713 0.1172 -0.9553
vn -0.6667 0.0295 -0.7448
vn 0.8640 0.2437 0.4405
vn 0.9290 0.1384 -0.3433
vn -0.5073 0.3343 0.7942
vn 0.2092 0.3937 0.8951
vn -0.9792 0.1175 0.1656
vn 0.2615 -0.9445 0.1990
vn -0.9697 -0.0314 -0.2423
vn -0.9379 -0.0396 -0.3447
vn -0.9108 0.0747 -0.4061
vn -0.9342 0.0953 -0.3437
vn -0.7518 0.3042 -0.5850
vn -0.7693 0.2234 -0.5985
vn -0.7642 0.1737 -0.6211
vn -0.6532 0.1977 -0.7309
vn -0.6757 0.1492 -0.7219
vn -0.9477 0.1116 -0.2992
vn -0.9983 -0.0490 -0.0300
vn -0.8502 -0.5253 -0.0354
vn -0.5070 -0.8573 -0.0892
vn -0.1881 -0.8442 0.5019
vn -0.5001 -0.4103 0.7626
vn -0.7458 -0.3461 0.5693
vn -0.6338 -0.1537 0.7581
vn -0.0000 -1.0000 -0.0000
vn -0.0000 -0.9926 0.1214
vn -0.3225 -0.9405 0.1065
vn -0.0000 -0.9517 0.3069
vn -0.0000 -0.8857 0.4643
vn -0.9401 -0.2315 -0.2503
vn -0.9677 0.0395 -0.2489
vn -0.6164 -0.7849 0.0638
vn -0.8120 -0.4826 -0.3283
vn -0.3862 -0.9070 0.1680
vn -0.9175 0.2952 0.2664
vn -0.9520 0.2875 -0.1052
vn -0.9849 0.0789 -0.1538
vn -0.9584 0.1157 0.2611
vn -0.9622 -0.1321 -0.2383
vn -0.9648 -0.0827 0.2496
vn -0.8827 -0.3155 -0.3483
vn -0.9299 -0.2920 0.2236
vn -0.5438 0.2395 0.8043
vn -0.8707 0.4060 0.2777
vn -0.7144 0.3311 0.6165
vn -0.9114 0.2971 -0.2848
vn -0.7390 0.0769 0.6693
vn -0.7135 -0.1267 0.6891
vn -0.2614 -0.4617 0.8476
vn -0.6305 -0.3546 0.6905
vn -0.4928 0.0152 0.8700
vn -0.5186 0.1654 0.8389
vn -0.7284 0.2448 0.6399
vn -0.4265 -0.2051 0.8809
vn -0.4662 -0.8774 0.1133
vn -0.2482 -0.9673 -0.0523
vn 0.0029 -0.9946 -0.1042
vn -0.2191 -0.9750 0.0367
vn -0.3274 -0.0331 0.9443
vn -0.6526 0.2746 -0.7062
vn -0.6437 0.4145 -0.6433
vn -0.6632 0.1425 -0.7348
vn -0.4553 0.4511 -0.7676
vn -0.9037 0.4170 -0.0973
vn -0.8354 0.4339 -0.3374
vn -0.0554 -0.7931 0.6065
vn -0.1878 -0.5765 0.7952
vn -0.2872 -0.2820 0.9154
vn -0.0000 -0.6212 0.7836
vn -0.0000 -0.3074 0.9516
vn -0.0000 -0.8122 0.5834
vn -0.0000 -0.0557 0.9984
vn -0.5853 0.6275 -0.5135
vn -0.5808 0.6243 -0.5225
vn -0.4714 0.8686 -0.1524
vn -0.4736 0.8577 -0.2002
vn -0.8514 0.2788 -0.4443
vn -0.5221 0.8482 0.0894
vn -0.4719 0.8691 0.1481
vn -0.9634 0.1434 -0.2266
vn -0.9626 0.2709 0.0060
vn -0.9632 0.2622 0.0590
vn -0.9787 0.0660 -0.1942
vn -0.9631 -0.1605 -0.2159
vn -0.9325 -0.1810 -0.3127
vn -0.7766 -0.6231 -0.0931
vn -0.0000 -0.9577 -0.2878
vn -0.2294 -0.9571 -0.1768
vn 0.0169 -0.9879 -0.1544
vn -0.0000 -0.9651 -0.2620
vn 0.1541 -0.9658 -0.2084
vn -0.0000 -0.9590 -0.2832
vn -0.5591 0.7560 0.3403
vn -0.4502 0.7854 0.4248
vn -0.8135 0.5517 0.1840
vn -0.8031 0.5889 0.0908
vn -0.0000 -0.8825 -0.4702
vn -0.3896 -0.8398 -0.3780
vn -0.0000 -0.9734 -0.2291
vn -0.4342 -0.8805 -0.1904
vn -0.0000 -0.8224 0.5690
vn -0.5030 -0.7333 0.4576
vn -0.0000 -0.3069 0.9517
vn -0.5003 -0.2673 0.8235
vn -0.0000 0.3660 0.9306
vn -0.3879 0.3163 0.8657
vn -0.0000 0.7237 0.6901
vn -0.3670 0.7358 0.5691
vn -0.8090 0.3785 0.4496
vn -0.9302 -0.1147 0.3486
vn -0.0000 0.7647 0.6444
vn -0.1436 0.7558 0.6388
vn -0.0000 0.7389 0.6738
vn -0.2157 0.7233 0.6560
vn -0.0000 0.7098 0.7044
vn -0.4090 0.5527 0.7261
vn -0.0000 0.7261 0.6875
vn -0.3029 0.7142 0.6310
vn -0.9728 0.1757 0.1512
vn -0.9818 0.1677 0.0895
vn -0.9733 0.1753 0.1480
vn -0.9253 0.2030 0.3202
vn -0.9393 0.1497 0.3087
vn -0.8755 -0.4786 0.0663
vn -0.8424 -0.5191 -0.1446
vn -0.7234 -0.6883 0.0545
vn -0.3238 0.0299 0.9457
vn -0.5488 -0.0173 0.8358
vn -0.6022 -0.2448 0.7599
vn -0.8648 -0.2081 0.4569
vn -0.8990 -0.0061 0.4379
vn -0.8881 0.1807 0.4227
vn -0.5205 0.1977 0.8307
vn -0.9920 0.0436 0.1187
vn -0.9820 0.1391 0.1274
vn -0.3094 0.1784 0.9341
vn -0.6337 -0.7030 0.3227
vn -0.7471 -0.5368 0.3921
vn -0.8711 -0.0405 0.4895
vn -0.8379 -0.1239 0.5315
vn -0.8097 0.2432 0.5340
vn -0.8929 0.1293 0.4313
vn -0.9951 -0.0712 0.0682
vn -0.9574 -0.1212 0.2621
vn -0.7040 0.6687 0.2391
vn -0.7170 0.5932 0.3661
vn -0.8532 0.3865 0.3501
vn -0.8745 0.4386 0.2072
vn -0.7224 0.5265 0.4484
vn -0.9930 -0.0163 0.1171
vn -0.9300 -0.3025 0.2086
vn -0.9864 0.1398 0.0866
vn -0.9811 0.0642 0.1828
vn -0.9582 0.2563 0.1274
vn -0.5194 0.6965 0.4951
vn -0.7452 0.1641 0.6464
vn -0.9070 0.1210 0.4033
vn -0.8120 0.4637 0.3544
vn -0.6121 0.2356 0.7549
vn -0.5326 0.4706 0.7034
vn -0.8135 0.3598 0.4569
vn -0.9166 -0.3005 0.2639
vn -0.8096 -0.2044 0.5503
vn -0.8338 -0.1901 0.5183
vn -0.9159 -0.2647 0.3019
vn 0.3255 0.0405 -0.9447
vn -0.0743 -0.2327 -0.9697
vn -0.1335 -0.1381 -0.9814
vn 0.2879 0.1276 -0.9491
vn 0.1999 0.2225 0.9542
vn 0.5182 0.3677 0.7721
vn 0.5807 0.4682 0.6660
vn 0.2022 0.2852 0.9369
vn 0.8609 0.4619 -0.2132
vn 0.8340 0.5133 -0.2022
vn -0.9323 -0.3610 -0.0197
vn -0.9441 -0.3241 0.0606
vn 0.1983 0.2849 -0.9378
vn 0.7662 0.5656 -0.3051
vn -0.8818 -0.1341 0.4523
vn -0.9335 -0.1701 0.3156
vn -0.9606 -0.2275 0.1596
vn -0.9091 -0.0815 0.4085
vn -0.9323 -0.0964 0.3487
vn 0.5394 0.6170 0.5730
vn 0.1372 0.4088 0.9023
vn -0.2445 0.1007 -0.9644
vn 0.2010 0.7329 -0.6500
vn 0.2490 0.9146 0.3186
vn -0.3010 0.6562 -0.6919
vn -0.1534 0.9433 0.2943
vn -0.0000 0.0191 0.9998
vn -0.0000 0.6181 -0.7861
vn -0.9279 -0.3460 -0.1388
vn 0.8793 0.3846 -0.2810
vn 0.8689 0.4822 -0.1120
vn 0.6463 0.7329 -0.2126
vn 0.7021 0.5530 -0.4486
vn 0.3187 0.9066 -0.2767
vn 0.3530 0.7134 -0.6053
vn 0.0560 -0.9852 -0.1619
vn 0.1891 -0.0800 -0.9787
vn 0.1841 -0.2241 -0.9570
vn 0.1781 -0.0017 -0.9840
vn 0.0158 0.9814 0.1912
vn 0.0159 0.9814 0.1912
vn 0.0381 -0.7980 -0.6015
vn 0.0379 -0.7979 -0.6016
vn 0.1793 0.4845 -0.8562
vn 0.1588 0.3575 -0.9203
vn 0.1961 0.6010 -0.7748
vn 0.0146 0.8113 0.5844
vn 0.0546 -0.6287 -0.7757
vn 0.1739 0.8304 -0.5293
vn 0.1642 0.7342 -0.6587
vn 0.1788 0.9004 -0.3965
vn 0.0474 0.9283 -0.3688
vn -0.0762 0.4280 0.9006
vn 0.0862 -0.2057 -0.9748
vn 0.1612 0.9860 0.0422
vn 0.1564 0.9833 -0.0928
vn 0.1815 0.9414 0.2844
vn 0.1990 0.8967 0.3954
vn 0.1450 -0.6109 0.7783
vn 0.9984 -0.0251 0.0505
vn 0.9967 -0.0472 0.0665
vn 0.9986 -0.0216 0.0480
vn 0.9986 0.0204 0.0490
vn 0.9977 0.0368 0.0574
vn 0.9988 0.0155 0.0464
vn 0.9960 -0.0039 0.0893
vn 0.9969 -0.0197 0.0763
vn 0.9954 0.0039 0.0957
vn 0.9937 0.0217 0.1102
vn 0.9876 -0.0819 0.1340
vn 0.9881 -0.0795 0.1320
vn 0.9875 -0.0824 0.1343
vn 0.9870 -0.0850 0.1364
vn 0.9871 -0.1573 -0.0290
vn 0.9864 -0.1624 -0.0237
vn 0.9871 -0.1575 -0.0288
vn 0.9876 -0.1568 0.0048
vn 0.9876 -0.1567 0.0041
vn 0.9864 -0.1601 0.0382
vn 0.2782 0.9604 -0.0137
vn 0.5904 0.8055 0.0499
vn 0.8232 0.5486 0.1463
vn 0.7494 0.1400 -0.6471
vn 0.9205 0.1383 -0.3655
vn 0.8744 0.3106 -0.3728
vn 0.7016 0.3322 -0.6304
vn 0.9862 0.1610 0.0378
vn 0.8849 0.1728 0.4325
vn 0.8824 0.3201 0.3449
vn 0.9465 0.3180 -0.0551
vn 0.7604 0.1551 0.6307
vn 0.7439 0.2664 0.6129
vn 0.5878 0.1289 0.7987
vn 0.5804 0.2078 0.7874
vn 0.3000 0.0786 0.9507
vn 0.3161 0.1558 0.9359
vn 0.3389 0.1740 0.9246
vn 0.3432 0.1082 0.9330
vn 0.5517 0.0773 0.8305
vn 0.2869 0.0256 0.9576
vn 0.8808 -0.4134 0.2309
vn 0.7618 0.1034 0.6395
vn 0.9958 0.0326 0.0857
vn 0.7619 0.1285 -0.6349
vn 0.9366 0.0924 -0.3379
vn 0.1696 -0.2899 -0.9419
vn 0.9832 0.0970 -0.1547
vn 0.9815 0.1871 -0.0417
vn 0.9741 -0.2239 -0.0312
vn 0.9830 -0.1824 -0.0193
vn 0.9853 0.0464 0.1643
vn 0.9292 0.3024 0.2125
vn 0.9412 0.2400 0.2380
vn 0.8236 -0.0855 0.5606
vn 0.8512 -0.5243 0.0239
vn 0.8512 -0.5243 -0.0235
vn 0.6344 -0.7729 0.0168
vn 0.6018 -0.7973 -0.0473
vn 0.3234 -0.9462 -0.0099
vn 0.2828 -0.9540 -0.0997
vn 0.2443 0.9690 -0.0361
vn 0.2183 0.9333 -0.2851
vn 0.1518 0.8029 -0.5765
vn 0.1036 0.6362 -0.7645
vn 0.5802 0.7465 0.3257
vn 0.6072 0.7868 0.1109
vn 0.6536 0.5956 0.4670
vn 0.9453 0.3042 0.1181
vn 0.9322 0.2821 0.2269
vn 0.8226 -0.2137 0.5270
vn 0.7942 -0.3352 0.5069
vn 0.7966 -0.3192 0.5133
vn 0.8268 -0.2016 0.5252
vn 0.7761 -0.4581 0.4334
vn 0.7775 -0.4480 0.4412
vn 0.7640 -0.5491 0.3388
vn 0.7642 -0.5456 0.3438
vn 0.1336 -0.7574 0.6391
vn 0.1691 -0.8961 0.4103
vn 0.1314 -0.5325 0.8361
vn 0.1319 -0.3086 0.9420
vn 0.2011 -0.9363 0.2880
vn 0.7598 -0.5840 0.2857
vn 0.1318 -0.1109 0.9851
vn 0.1491 0.0872 0.9850
vn 0.1903 0.1954 0.9621
vn 0.2424 0.2002 0.9493
vn 0.2768 0.1537 0.9485
vn 0.9086 -0.0795 0.4099
vn 0.9141 -0.0952 0.3941
vn 0.9453 -0.2336 0.2277
vn 0.9434 -0.2158 0.2518
vn 0.8692 -0.0367 0.4930
vn 0.8724 -0.0339 0.4877
vn 0.8495 -0.1051 0.5171
vn 0.8508 -0.0952 0.5169
vn 0.9061 -0.4157 0.0780
vn 0.9105 -0.4049 0.0836
vn 0.9577 -0.1276 -0.2579
vn 0.9371 -0.2431 -0.2505
vn 0.9394 -0.2289 -0.2551
vn 0.9346 -0.1351 -0.3291
vn 0.9990 0.0421 -0.0125
vn 0.9881 -0.0610 -0.1414
vn 0.9627 -0.0060 -0.2703
vn 0.9669 0.1673 -0.1926
vn 0.9815 0.1462 0.1237
vn 0.9939 0.0952 0.0556
vn 0.9740 0.1926 -0.1195
vn 0.9797 0.1536 0.1288
vn 0.5926 0.4806 -0.6465
vn 0.7179 0.4661 -0.5171
vn 0.8723 -0.4424 -0.2082
vn 0.7916 -0.5732 -0.2115
vn 0.8122 -0.5455 -0.2067
vn 0.8866 -0.4120 -0.2104
vn 0.1945 -0.5006 -0.8436
vn 0.2036 -0.7162 -0.6675
vn 0.7589 -0.6136 -0.2183
vn 0.1318 -0.1587 -0.9785
vn 0.1561 -0.2674 -0.9508
vn 0.2406 -0.4612 0.8541
vn 0.2459 -0.4554 0.8557
vn 0.6000 -0.1621 -0.7834
vn 0.6397 0.0231 -0.7683
vn 0.8578 -0.2520 -0.4479
vn 0.6276 0.2314 -0.7433
vn 0.9527 0.1548 0.2616
vn 0.9398 0.2111 0.2689
vn 0.9514 0.0783 0.2980
vn 0.9461 0.3181 -0.0614
vn 0.6095 -0.7327 0.3027
vn 0.3727 -0.8417 0.3908
vn 0.3690 -0.8428 0.3918
vn 0.0960 -0.7703 0.6304
vn 0.1453 -0.8259 0.5448
vn 0.6074 0.7851 -0.1212
vn 0.6108 0.6893 -0.3897
vn 0.5884 0.4998 -0.6356
vn 0.8391 0.2348 -0.4906
vn 0.8990 0.3688 -0.2362
vn 0.5297 0.3092 -0.7898
vn 0.7468 0.1512 -0.6476
vn -0.8411 -0.2098 -0.4986
vn -0.0672 -0.1058 -0.9921
vn -0.1655 0.0247 -0.9859
vn -0.8818 -0.0619 -0.4676
vn -0.3678 -0.1571 0.9166
vn -0.9207 -0.2167 0.3247
vn -0.9530 -0.0776 0.2930
vn -0.4065 0.0175 0.9135
vn 0.9968 0.0350 0.0712
vn 0.5846 -0.0446 0.8101
vn 0.5613 0.1705 0.8098
vn 0.9766 0.2098 0.0465
vn 0.7377 -0.0097 -0.6751
vn 0.6882 0.1458 -0.7107
vn 0.9816 0.1884 0.0303
vn 0.6529 -0.0705 -0.7541
vn -0.1373 -0.2322 -0.9629
vn -0.8567 -0.2089 -0.4717
vn -0.9572 -0.0304 0.2878
vn -0.3759 0.1797 0.9090
vn 0.5330 0.2713 0.8014
vn 0.7511 -0.3003 -0.5880
vn -0.1529 -0.5983 -0.7865
vn -0.8707 -0.3872 -0.3031
vn -0.9324 -0.0082 0.3614
vn -0.3583 0.1857 0.9149
vn 0.5725 0.1931 0.7969
vn 0.9878 0.0737 0.1371
vn -0.8494 -0.1641 -0.5016
vn -0.0977 -0.0417 -0.9943
vn -0.3443 -0.2687 0.8996
vn -0.9165 -0.2603 0.3039
vn 0.9981 0.0109 0.0611
vn 0.5866 -0.1437 0.7970
vn 0.7466 0.0322 -0.6645
vn 0.6089 -0.4390 0.6607
vn -0.3867 -0.5531 0.7379
vn 0.7079 0.2715 -0.6521
vn 0.9998 -0.0190 -0.0034
vn -0.8406 0.1480 -0.5211
vn -0.0772 0.3613 -0.9293
vn -0.9513 -0.2200 0.2162
vn -0.0464 0.4113 -0.9103
vn 0.7635 0.2264 -0.6048
vn -0.8990 -0.4260 0.1011
vn -0.8417 0.1030 -0.5301
vn 0.5538 -0.7055 0.4421
vn -0.3039 -0.8145 0.4942
vn 0.9700 -0.2420 -0.0239
vn -0.6937 -0.1821 -0.6969
vn 0.0281 -0.0458 -0.9986
vn -0.2937 -0.7331 0.6135
vn -0.8448 -0.5034 0.1813
vn 0.9074 -0.4162 0.0586
vn 0.4837 -0.6834 0.5468
vn 0.5932 -0.0059 -0.8051
vn 0.2539 0.0070 -0.9672
vn -0.1807 -0.1526 -0.9716
vn 0.0240 0.0971 -0.9950
vn 0.3486 0.2230 -0.9104
vn 0.9019 -0.1633 -0.3999
vn -0.9437 0.2003 0.2634
vn -0.9136 0.1858 0.3616
vn -0.2700 0.4373 0.8578
vn -0.3556 0.5289 0.7706
vn 0.4637 0.6043 0.6479
vn 0.5320 0.4670 0.7063
vn 0.9358 0.3425 0.0832
vn 0.8790 0.4756 0.0335
vn 0.6070 0.1205 -0.7855
vn 0.6880 0.1167 -0.7163
vn -0.2466 -0.0871 -0.9652
vn -0.2710 -0.1596 -0.9492
vn -0.8972 -0.0917 -0.4320
vn -0.9306 -0.0433 -0.3634
vn 0.6713 0.0632 -0.7385
vn -0.2656 -0.0271 -0.9637
vn -0.9348 -0.0228 -0.3545
vn -0.8922 0.1417 0.4289
vn -0.2229 0.3442 0.9121
vn 0.5271 0.3499 0.7744
vn 0.9638 0.2205 0.1501
vn 0.5277 -0.5954 0.6058
vn -0.0565 -0.9656 0.2536
vn 0.6395 -0.1037 -0.7618
vn 0.9120 -0.1787 -0.3692
vn -0.4264 -0.3809 -0.8204
vn 0.1415 -0.1610 -0.9768
vn -0.5920 -0.8039 -0.0581
vn 0.9222 -0.3640 0.1307
vn -0.6953 -0.6105 -0.3792
vn -0.9305 -0.2983 -0.2124
vn 0.2130 -0.9644 -0.1569
vn 0.0913 -0.9781 -0.1873
vn 0.7000 0.2239 -0.6781
vn 0.6893 0.0453 -0.7230
vn 0.4023 0.4273 -0.8096
vn 0.6877 0.4088 -0.5999
vn 0.4215 0.6936 -0.5841
vn 0.6418 0.5891 -0.4909
vn 0.4844 0.8444 -0.2287
vn 0.5315 0.8452 0.0559
vn 0.7821 0.5983 0.1741
vn 0.7607 0.6325 -0.1458
vn 0.9128 0.3591 -0.1943
vn 0.9500 0.1435 -0.2774
vn 0.9798 -0.2000 0.0062
vn 0.9435 -0.0380 -0.3292
vn 0.9738 -0.1812 0.1372
vn 0.2353 0.5905 -0.7720
vn 0.2021 0.3953 -0.8960
vn 0.1287 0.3653 -0.9220
vn 0.0314 0.1433 -0.9892
vn -0.8255 -0.0976 -0.5559
vn -0.1127 -0.0669 -0.9914
vn -0.1527 0.1147 -0.9816
vn -0.8931 0.1033 -0.4378
vn -0.3182 -0.1781 0.9312
vn -0.9282 -0.1748 0.3286
vn -0.9417 0.0581 0.3314
vn -0.4104 0.0634 0.9097
vn 0.9810 -0.1930 0.0174
vn 0.5785 -0.2280 0.7832
vn 0.5291 0.0399 0.8476
vn 0.9981 0.0299 0.0544
vn 0.6950 -0.1375 -0.7057
vn 0.6962 0.0511 -0.7161
vn 0.9944 0.0616 0.0857
vn 0.6738 -0.1410 -0.7253
vn -0.1636 -0.2298 -0.9594
vn -0.9045 -0.0911 -0.4166
vn -0.9361 0.1602 0.3131
vn -0.3952 0.2203 0.8918
vn 0.4764 0.1502 0.8663
vn 0.7510 -0.3142 -0.5807
vn -0.1752 -0.5977 -0.7823
vn -0.9335 -0.2241 -0.2801
vn -0.9239 0.1969 0.3281
vn -0.4301 0.2377 0.8709
vn 0.5117 0.1062 0.8526
vn 0.9824 0.0304 0.1845
vn -0.8483 0.0315 -0.5285
vn -0.1704 -0.0311 -0.9849
vn -0.3692 -0.2128 0.9047
vn -0.9610 -0.0597 0.2702
vn 0.9875 -0.1576 0.0085
vn 0.6361 -0.2607 0.7262
vn 0.7110 -0.1089 -0.6947
vn 0.5586 -0.1441 0.8168
vn -0.2835 -0.1262 0.9506
vn 0.7044 -0.0029 -0.7098
vn 0.9967 -0.0489 0.0648
vn -0.8191 0.0833 -0.5675
vn -0.0941 0.0276 -0.9952
vn -0.9060 0.0229 0.4227
vn 0.0039 -0.2965 -0.9550
vn 0.7440 -0.2575 -0.6166
vn -0.8569 -0.2954 0.4225
vn -0.7161 -0.4199 -0.5576
vn 0.5250 -0.2115 0.8244
vn -0.2914 -0.1797 0.9396
vn 0.9572 -0.2567 0.1336
vn -0.4865 -0.6320 -0.6032
vn 0.2387 -0.4712 -0.8491
vn -0.0411 -0.5570 0.8295
vn -0.3414 -0.7228 0.6009
vn 0.9036 -0.3792 0.1993
vn 0.4904 -0.4012 0.7736
vn 0.7639 -0.4121 -0.4967
vn -0.8912 0.3726 0.2588
vn -0.8781 0.3161 0.3593
vn -0.2522 0.4851 0.8373
vn -0.2877 0.5986 0.7476
vn 0.4363 0.5882 0.6809
vn 0.5087 0.4462 0.7363
vn 0.9572 0.2656 0.1146
vn 0.9091 0.4097 0.0755
vn 0.6399 -0.0021 -0.7685
vn 0.6836 0.0229 -0.7295
vn -0.2440 -0.0105 -0.9697
vn -0.2054 -0.1519 -0.9668
vn -0.8756 0.0530 -0.4801
vn -0.9213 0.1241 -0.3686
vn 0.6667 0.0295 -0.7448
vn -0.2713 0.1172 -0.9553
vn -0.9290 0.1384 -0.3433
vn -0.8640 0.2437 0.4405
vn -0.2092 0.3937 0.8951
vn 0.5073 0.3343 0.7942
vn 0.9792 0.1175 0.1656
vn -0.2615 -0.9445 0.1990
vn 0.9697 -0.0314 -0.2423
vn 0.9342 0.0953 -0.3437
vn 0.9108 0.0747 -0.4061
vn 0.9379 -0.0396 -0.3447
vn 0.7518 0.3042 -0.5850
vn 0.7693 0.2234 -0.5985
vn 0.7642 0.1737 -0.6211
vn 0.6757 0.1492 -0.7219
vn 0.6532 0.1977 -0.7309
vn 0.9477 0.1116 -0.2992
vn 0.9983 -0.0490 -0.0300
vn 0.8502 -0.5253 -0.0354
vn 0.5070 -0.8573 -0.0892
vn 0.1881 -0.8442 0.5019
vn 0.5001 -0.4103 0.7626
vn 0.7458 -0.3461 0.5693
vn 0.6338 -0.1537 0.7581
vn 0.3225 -0.9405 0.1065
vn 0.9401 -0.2315 -0.2503
vn 0.9677 0.0395 -0.2489
vn 0.6164 -0.7849 0.0638
vn 0.8120 -0.4826 -0.3283
vn 0.3862 -0.9070 0.1680
vn 0.9175 0.2952 0.2664
vn 0.9584 0.1157 0.2611
vn 0.9849 0.0789 -0.1538
vn 0.9520 0.2875 -0.1052
vn 0.9648 -0.0827 0.2496
vn 0.9622 -0.1321 -0.2383
vn 0.8827 -0.3155 -0.3483
vn 0.9299 -0.2920 0.2236
vn 0.5438 0.2395 0.8043
vn 0.7144 0.3311 0.6165
vn 0.8707 0.4060 0.2777
vn 0.9114 0.2971 -0.2848
vn 0.7390 0.0769 0.6693
vn 0.7135 -0.1267 0.6891
vn 0.6305 -0.3546 0.6905
vn 0.2614 -0.4617 0.8476
vn 0.7284 0.2448 0.6399
vn 0.5186 0.1654 0.8389
vn 0.4928 0.0152 0.8700
vn 0.4265 -0.2051 0.8809
vn 0.4662 -0.8774 0.1133
vn 0.2191 -0.9750 0.0367
vn -0.0029 -0.9946 -0.1042
vn 0.2482 -0.9673 -0.0523
vn 0.3274 -0.0331 0.9443
vn 0.6526 0.2746 -0.7062
vn 0.6437 0.4145 -0.6433
vn 0.6632 0.1425 -0.7348
vn 0.4553 0.4511 -0.7676
vn 0.9037 0.4170 -0.0973
vn 0.8354 0.4339 -0.3374
vn 0.0554 -0.7931 0.6065
vn 0.1878 -0.5765 0.7952
vn 0.2872 -0.2820 0.9154
vn 0.5853 0.6275 -0.5135
vn 0.4736 0.8577 -0.2002
vn 0.4714 0.8686 -0.1524
vn 0.5808 0.6243 -0.5225
vn 0.8514 0.2788 -0.4443
vn 0.4719 0.8691 0.1481
vn 0.5221 0.8482 0.0894
vn 0.9634 0.1434 -0.2266
vn 0.9626 0.2709 0.0060
vn 0.9632 0.2622 0.0590
vn 0.9787 0.0660 -0.1942
vn 0.9631 -0.1605 -0.2159
vn 0.9325 -0.1810 -0.3127
vn 0.7766 -0.6231 -0.0931
vn -0.0169 -0.9879 -0.1544
vn 0.2294 -0.9571 -0.1768
vn -0.1541 -0.9658 -0.2084
vn 0.5591 0.7560 0.3403
vn 0.4502 0.7854 0.4248
vn 0.8135 0.5517 0.1840
vn 0.8031 0.5889 0.0908
vn 0.3896 -0.8398 -0.3780
vn 0.4342 -0.8805 -0.1904
vn 0.5030 -0.7333 0.4576
vn 0.5003 -0.2673 0.8235
vn 0.3879 0.3163 0.8657
vn 0.3670 0.7358 0.5691
vn 0.9302 -0.1147 0.3486
vn 0.8090 0.3785 0.4496
vn 0.1436 0.7558 0.6388
vn 0.2157 0.7233 0.6560
vn 0.4090 0.5527 0.7261
vn 0.3029 0.7142 0.6310
vn 0.9728 0.1757 0.1512
vn 0.9733 0.1753 0.1480
vn 0.9818 0.1677 0.0895
vn 0.9393 0.1497 0.3087
vn 0.9253 0.2030 0.3202
vn 0.8755 -0.4786 0.0663
vn 0.8424 -0.5191 -0.1446
vn 0.7234 -0.6883 0.0545
vn 0.3238 0.0299 0.9457
vn 0.6022 -0.2448 0.7599
vn 0.5488 -0.0173 0.8358
vn 0.8648 -0.2081 0.4569
vn 0.8990 -0.0061 0.4379
vn 0.8881 0.1807 0.4227
vn 0.5205 0.1977 0.8307
vn 0.9920 0.0436 0.1187
vn 0.9820 0.1391 0.1274
vn 0.3094 0.1784 0.9341
vn 0.7471 -0.5368 0.3921
vn 0.6337 -0.7030 0.3227
vn 0.8711 -0.0405 0.4895
vn 0.8929 0.1293 0.4313
vn 0.8097 0.2432 0.5340
vn 0.8379 -0.1239 0.5315
vn 0.9951 -0.0712 0.0682
vn 0.9574 -0.1212 0.2621
vn 0.7040 0.6687 0.2391
vn 0.8745 0.4386 0.2072
vn 0.8532 0.3865 0.3501
vn 0.7170 0.5932 0.3661
vn 0.7224 0.5265 0.4484
vn 0.9930 -0.0163 0.1171
vn 0.9300 -0.3025 0.2086
vn 0.9864 0.1398 0.0866
vn 0.9811 0.0642 0.1828
vn 0.9582 0.2563 0.1274
vn 0.5194 0.6965 0.4951
vn 0.9070 0.1210 0.4033
vn 0.7452 0.1641 0.6464
vn 0.8120 0.4637 0.3544
vn 0.6121 0.2356 0.7549
vn 0.8135 0.3598 0.4569
vn 0.5326 0.4706 0.7034
vn 0.9165 -0.3005 0.2639
vn 0.9159 -0.2647 0.3019
vn 0.8338 -0.1901 0.5183
vn 0.8096 -0.2044 0.5503
vn -0.3255 0.0405 -0.9447
vn -0.2879 0.1276 -0.9491
vn 0.1335 -0.1381 -0.9814
vn 0.0743 -0.2327 -0.9697
vn -0.1999 0.2225 0.9542
vn -0.2022 0.2852 0.9369
vn -0.5807 0.4682 0.6660
vn -0.5182 0.3677 0.7721
vn -0.8340 0.5133 -0.2022
vn -0.8609 0.4619 -0.2132
vn 0.9323 -0.3610 -0.0197
vn 0.9441 -0.3241 0.0606
vn -0.7662 0.5656 -0.3051
vn -0.1983 0.2849 -0.9378
vn 0.9335 -0.1701 0.3156
vn 0.8818 -0.1341 0.4523
vn 0.9606 -0.2275 0.1596
vn 0.9323 -0.0964 0.3487
vn 0.9091 -0.0815 0.4085
vn -0.5394 0.6170 0.5730
vn -0.1372 0.4088 0.9023
vn 0.2445 0.1007 -0.9644
vn -0.2490 0.9146 0.3186
vn -0.2010 0.7329 -0.6500
vn 0.3010 0.6562 -0.6919
vn 0.1534 0.9433 0.2943
vn 0.9279 -0.3460 -0.1388
vn -0.5906 0.4289 0.6835
vn -0.5949 0.4305 0.6788
vn -0.6341 0.4445 0.6328
vn -0.8216 -0.4252 -0.3798
vn -0.1243 0.7822 -0.6105
vn -0.1548 0.7647 -0.6256
vn -0.8173 -0.4541 -0.3547
vn -0.5024 -0.8494 0.1618
vn -0.5074 -0.8468 0.1594
vn -0.3978 -0.8899 0.2233
vn -0.3950 -0.8906 0.2254
vn 0.5001 0.8554 -0.1350
vn 0.5034 0.8544 -0.1284
vn 0.4670 0.8623 -0.1960
vn 0.4644 0.8626 -0.2004
vn 0.8938 0.4432 0.0686
vn 0.8574 0.5138 0.0296
vn -0.4745 0.3936 0.7873
vn -0.4843 0.3963 0.7800
vn 0.3938 -0.8110 0.4327
vn 0.5065 -0.7430 0.4374
vn -0.4027 0.3725 0.8361
vn 0.5906 0.4289 0.6835
vn 0.6341 0.4445 0.6328
vn 0.5949 0.4305 0.6788
vn 0.8216 -0.4252 -0.3798
vn 0.8173 -0.4541 -0.3547
vn 0.1548 0.7647 -0.6256
vn 0.1243 0.7822 -0.6105
vn 0.5024 -0.8494 0.1618
vn 0.3950 -0.8906 0.2254
vn 0.3978 -0.8899 0.2233
vn 0.5074 -0.8468 0.1594
vn -0.5034 0.8544 -0.1284
vn -0.5001 0.8554 -0.1350
vn -0.4670 0.8623 -0.1960
vn -0.8574 0.5138 0.0296
vn -0.8938 0.4432 0.0686
vn -0.4644 0.8626 -0.2004
vn 0.4843 0.3963 0.7800
vn 0.4745 0.3936 0.7873
vn -0.3938 -0.8110 0.4327
vn -0.5065 -0.7430 0.4374
vn 0.4027 0.3725 0.8361
vt 0.304844 0.330616
vt 0.363345 0.327140
vt 0.357208 0.371307
vt 0.307198 0.374140
vt 0.409438 0.342586
vt 0.403948 0.378295
vt 0.448256 0.349184
vt 0.448256 0.382313
vt 0.008999 0.981287
vt 0.008999 0.940865
vt 0.051212 0.940865
vt 0.051212 0.981287
vt 0.085502 0.981287
vt 0.085502 0.940865
vt 0.131357 0.940865
vt 0.131357 0.981287
vt 0.173313 0.940865
vt 0.173313 0.981287
vt 0.277202 0.940865
vt 0.277202 0.981287
vt 0.310959 0.990296
vt 0.310959 0.953827
vt 0.399524 0.953827
vt 0.399524 0.990296
vt 0.447661 0.953827
vt 0.447661 0.990296
vt 0.498450 0.953827
vt 0.498450 0.990296
vt 0.572196 0.953827
vt 0.572196 0.990296
vt 0.664856 0.830326
vt 0.664856 0.864508
vt 0.589286 0.864508
vt 0.589286 0.830326
vt 0.547565 0.864508
vt 0.547565 0.830326
vt 0.506872 0.864508
vt 0.506872 0.830326
vt 0.436465 0.864508
vt 0.436465 0.830326
vt 0.421195 0.831124
vt 0.421195 0.861387
vt 0.337343 0.861387
vt 0.337343 0.831124
vt 0.277357 0.861387
vt 0.277357 0.831124
vt 0.226647 0.861387
vt 0.226647 0.831124
vt 0.181432 0.861387
vt 0.181432 0.831124
vt 0.074003 0.861387
vt 0.074003 0.831124
vt 0.085502 0.872945
vt 0.051212 0.872945
vt 0.131357 0.872945
vt 0.173313 0.872945
vt 0.447661 0.869005
vt 0.399524 0.869005
vt 0.498450 0.869005
vt 0.547565 0.937679
vt 0.589286 0.937679
vt 0.506872 0.937679
vt 0.277357 0.933486
vt 0.337343 0.933486
vt 0.226647 0.933486
vt 0.181432 0.933486
vt 0.448256 0.419595
vt 0.404697 0.417611
vt 0.359423 0.413643
vt 0.310891 0.415320
vt 0.896458 0.288458
vt 0.934114 0.283789
vt 0.937162 0.326385
vt 0.897504 0.328325
vt 0.897182 0.372786
vt 0.936075 0.368944
vt 0.935131 0.410119
vt 0.894467 0.416543
vt 0.934583 0.446668
vt 0.895238 0.452047
vt 0.935032 0.481478
vt 0.895697 0.486677
vt 0.895028 0.514873
vt 0.934021 0.513346
vt 0.929916 0.541494
vt 0.892575 0.541494
vt 0.357660 0.062566
vt 0.312012 0.061445
vt 0.316759 0.012195
vt 0.358424 0.012195
vt 0.857817 0.496562
vt 0.854285 0.520630
vt 0.853287 0.432902
vt 0.855184 0.462313
vt 0.863650 0.375324
vt 0.857281 0.287618
vt 0.860125 0.327549
vt 0.255796 0.381071
vt 0.251052 0.336505
vt 0.204602 0.387473
vt 0.199907 0.341913
vt 0.231646 0.490321
vt 0.212996 0.454388
vt 0.260321 0.424411
vt 0.268681 0.465169
vt 0.152208 0.399110
vt 0.148330 0.350472
vt 0.107972 0.407912
vt 0.103784 0.356889
vt 0.062781 0.410062
vt 0.057374 0.365975
vt 0.014564 0.414568
vt 0.014564 0.372104
vt 0.448256 0.459755
vt 0.407903 0.456717
vt 0.448256 0.499817
vt 0.408362 0.495522
vt 0.448256 0.538356
vt 0.412042 0.531906
vt 0.448256 0.570461
vt 0.416739 0.570951
vt 0.718176 0.945027
vt 0.697096 0.950730
vt 0.686377 0.908085
vt 0.712342 0.901170
vt 0.732961 0.983141
vt 0.712959 0.992424
vt 0.741522 0.898279
vt 0.736935 0.943665
vt 0.902049 0.805118
vt 0.945417 0.791142
vt 0.947746 0.833909
vt 0.909824 0.848491
vt 0.951536 0.874442
vt 0.920278 0.887337
vt 0.957188 0.910161
vt 0.933924 0.925010
vt 0.981879 0.881858
vt 0.981879 0.913937
vt 0.981879 0.836684
vt 0.981879 0.789564
vt 0.981879 0.937977
vt 0.968536 0.942954
vt 0.953978 0.955097
vt 0.941665 0.750364
vt 0.981879 0.744678
vt 0.943039 0.713842
vt 0.981879 0.711049
vt 0.946217 0.674825
vt 0.981879 0.672062
vt 0.951992 0.634114
vt 0.981879 0.630813
vt 0.958345 0.595534
vt 0.981879 0.591727
vt 0.966716 0.557325
vt 0.898973 0.680109
vt 0.909268 0.638126
vt 0.890767 0.720108
vt 0.893817 0.759610
vt 0.922041 0.594160
vt 0.927143 0.559900
vt 0.837074 0.722374
vt 0.857200 0.673929
vt 0.867413 0.814874
vt 0.856374 0.769674
vt 0.901848 0.899616
vt 0.879005 0.860815
vt 0.836680 0.823501
vt 0.848609 0.871675
vt 0.874488 0.633978
vt 0.899488 0.592786
vt 0.853850 0.610410
vt 0.890718 0.579867
vt 0.807897 0.680429
vt 0.826254 0.646234
vt 0.844800 0.884035
vt 0.848992 0.942197
vt 0.825067 0.950989
vt 0.812137 0.918788
vt 0.839990 0.987498
vt 0.765070 0.707017
vt 0.775161 0.686807
vt 0.805611 0.742565
vt 0.775769 0.759899
vt 0.750455 0.717433
vt 0.727445 0.676057
vt 0.825321 0.781727
vt 0.790740 0.802231
vt 0.798583 0.830784
vt 0.807241 0.872184
vt 0.925183 0.935789
vt 0.913124 0.953206
vt 0.886820 0.919176
vt 0.939313 0.985213
vt 0.867853 0.899601
vt 0.773973 0.971104
vt 0.756489 0.933022
vt 0.771481 0.932567
vt 0.768952 0.789771
vt 0.782941 0.842828
vt 0.753429 0.839861
vt 0.803213 0.906217
vt 0.750709 0.886500
vt 0.709023 0.863483
vt 0.680083 0.868563
vt 0.679031 0.825578
vt 0.709657 0.823256
vt 0.685527 0.776359
vt 0.713971 0.780423
vt 0.740851 0.770099
vt 0.742551 0.816798
vt 0.742551 0.858343
vt 0.700403 0.723007
vt 0.714979 0.729699
vt 0.731017 0.727917
vt 0.713429 0.683821
vt 0.414746 0.150035
vt 0.414746 0.121060
vt 0.444461 0.119521
vt 0.448478 0.147070
vt 0.582875 0.141813
vt 0.583404 0.112723
vt 0.619319 0.109071
vt 0.617220 0.135907
vt 0.511639 0.144771
vt 0.510119 0.114451
vt 0.544521 0.115936
vt 0.545504 0.144980
vt 0.480596 0.145176
vt 0.478335 0.116078
vt 0.655812 0.106141
vt 0.655812 0.131092
vt 0.472400 0.088034
vt 0.505490 0.088679
vt 0.414746 0.094807
vt 0.445505 0.092484
vt 0.581311 0.089365
vt 0.619372 0.084758
vt 0.542889 0.091789
vt 0.655812 0.083599
vt 0.443462 0.069838
vt 0.474151 0.065813
vt 0.617429 0.068918
vt 0.655812 0.071031
vt 0.541016 0.075054
vt 0.580062 0.074426
vt 0.507307 0.071186
vt 0.414746 0.078284
vt 0.446637 0.171713
vt 0.414746 0.173018
vt 0.619991 0.155535
vt 0.583320 0.159683
vt 0.547218 0.163752
vt 0.511210 0.171175
vt 0.478755 0.170347
vt 0.655812 0.147683
vt 0.586367 0.178671
vt 0.549544 0.183758
vt 0.510652 0.189923
vt 0.476112 0.194361
vt 0.446897 0.196806
vt 0.414746 0.197645
vt 0.622629 0.174467
vt 0.655812 0.166873
vt 0.482873 0.216694
vt 0.447712 0.220485
vt 0.655812 0.189539
vt 0.619302 0.193541
vt 0.586987 0.196173
vt 0.553854 0.200945
vt 0.518296 0.207987
vt 0.414746 0.218093
vt 0.444336 0.241827
vt 0.414746 0.237932
vt 0.616681 0.226997
vt 0.592918 0.231453
vt 0.565483 0.236847
vt 0.535990 0.239571
vt 0.475421 0.241737
vt 0.289029 0.627505
vt 0.314925 0.600081
vt 0.348012 0.631278
vt 0.326000 0.661981
vt 0.505684 0.240651
vt 0.571901 0.042897
vt 0.610345 0.041134
vt 0.502180 0.042526
vt 0.535462 0.042782
vt 0.438320 0.047422
vt 0.469537 0.041241
vt 0.655812 0.048074
vt 0.414746 0.057538
vt 0.429112 0.017654
vt 0.461470 0.017654
vt 0.603139 0.017654
vt 0.655812 0.017654
vt 0.529069 0.017654
vt 0.566707 0.017654
vt 0.493552 0.017654
vt 0.414746 0.017654
vt 0.612981 0.270595
vt 0.575596 0.270595
vt 0.505324 0.270595
vt 0.472037 0.270595
vt 0.439671 0.270595
vt 0.414746 0.270595
vt 0.625216 0.270595
vt 0.541525 0.270595
vt 0.635332 0.216062
vt 0.640607 0.270595
vt 0.066218 0.451042
vt 0.014564 0.451467
vt 0.014564 0.487672
vt 0.058905 0.492581
vt 0.056131 0.531848
vt 0.014564 0.519085
vt 0.256979 0.594207
vt 0.283585 0.568636
vt 0.307543 0.541834
vt 0.340454 0.569882
vt 0.330062 0.519670
vt 0.364813 0.529211
vt 0.366379 0.490476
vt 0.320409 0.488112
vt 0.314429 0.453712
vt 0.363331 0.453597
vt 0.283274 0.505289
vt 0.254709 0.530187
vt 0.205028 0.430416
vt 0.261939 0.655331
vt 0.230079 0.621849
vt 0.225648 0.554026
vt 0.196376 0.581469
vt 0.198823 0.511974
vt 0.165117 0.537601
vt 0.655812 0.211647
vt 0.655812 0.270595
vt 0.377556 0.661162
vt 0.351708 0.689114
vt 0.287872 0.740080
vt 0.294274 0.695567
vt 0.331762 0.716833
vt 0.318645 0.748623
vt 0.034490 0.567040
vt 0.014564 0.555831
vt 0.386231 0.561061
vt 0.367278 0.592551
vt 0.392841 0.604950
vt 0.396926 0.642741
vt 0.388301 0.625122
vt 0.893042 0.134665
vt 0.893437 0.105557
vt 0.927721 0.104448
vt 0.927721 0.131285
vt 0.821413 0.138306
vt 0.824931 0.110181
vt 0.859293 0.108231
vt 0.858168 0.136920
vt 0.749238 0.136995
vt 0.748917 0.106870
vt 0.786699 0.111349
vt 0.784281 0.139509
vt 0.715738 0.134666
vt 0.679842 0.130733
vt 0.679842 0.103847
vt 0.713393 0.105366
vt 0.711652 0.078048
vt 0.748676 0.083993
vt 0.894915 0.079705
vt 0.927721 0.079337
vt 0.824350 0.085453
vt 0.860793 0.083514
vt 0.788564 0.087948
vt 0.679842 0.076890
vt 0.679842 0.055315
vt 0.718443 0.058047
vt 0.858161 0.065857
vt 0.890825 0.061566
vt 0.787715 0.071839
vt 0.824890 0.071151
vt 0.753023 0.066308
vt 0.927721 0.060115
vt 0.927721 0.159748
vt 0.891606 0.162846
vt 0.860698 0.161128
vt 0.824678 0.159937
vt 0.782921 0.161214
vt 0.748741 0.162682
vt 0.715940 0.162781
vt 0.679842 0.157862
vt 0.819886 0.183096
vt 0.786577 0.183661
vt 0.750573 0.182580
vt 0.713836 0.181749
vt 0.927721 0.175862
vt 0.893925 0.183493
vt 0.855346 0.182049
vt 0.679842 0.176052
vt 0.712874 0.205941
vt 0.679842 0.194443
vt 0.896923 0.208209
vt 0.858665 0.211260
vt 0.821915 0.208404
vt 0.787480 0.209256
vt 0.751398 0.208663
vt 0.927721 0.193249
vt 0.927721 0.241054
vt 0.910277 0.241054
vt 0.860746 0.241054
vt 0.825843 0.241054
vt 0.788046 0.241054
vt 0.755451 0.241054
vt 0.715299 0.241054
vt 0.679842 0.241054
vt 0.819074 0.039518
vt 0.850259 0.038519
vt 0.756556 0.039179
vt 0.787614 0.039531
vt 0.679842 0.036989
vt 0.722711 0.035930
vt 0.885735 0.037185
vt 0.927721 0.043046
vt 0.679842 0.014345
vt 0.723971 0.014345
vt 0.847569 0.014345
vt 0.881611 0.014345
vt 0.787297 0.014345
vt 0.817022 0.014345
vt 0.757034 0.014345
vt 0.927721 0.014345
vt 0.886564 0.241054
vt 0.800502 0.364993
vt 0.769207 0.372473
vt 0.743933 0.346574
vt 0.781262 0.327820
vt 0.717487 0.311715
vt 0.764544 0.292709
vt 0.812656 0.288248
vt 0.811182 0.249386
vt 0.855744 0.249386
vt 0.823037 0.326558
vt 0.833192 0.370031
vt 0.084978 0.494355
vt 0.155385 0.445774
vt 0.113378 0.463014
vt 0.594619 0.295893
vt 0.173412 0.478789
vt 0.133909 0.501918
vt 0.085125 0.213239
vt 0.088261 0.249522
vt 0.048012 0.259537
vt 0.045702 0.216018
vt 0.087844 0.176262
vt 0.042585 0.171825
vt 0.013819 0.202806
vt 0.014257 0.241457
vt 0.107952 0.215380
vt 0.044724 0.118216
vt 0.084100 0.114252
vt 0.088697 0.151278
vt 0.047702 0.161606
vt 0.040531 0.075493
vt 0.084389 0.078156
vt 0.109119 0.115867
vt 0.014471 0.142903
vt 0.012835 0.105693
vt 0.014564 0.324237
vt 0.049379 0.319371
vt 0.014564 0.278774
vt 0.028941 0.265889
vt 0.064461 0.012195
vt 0.093741 0.012195
vt 0.082506 0.052248
vt 0.054580 0.032161
vt 0.196541 0.296453
vt 0.248753 0.291043
vt 0.093265 0.298655
vt 0.139502 0.299145
vt 0.054140 0.284178
vt 0.303284 0.193406
vt 0.302289 0.236348
vt 0.250192 0.241792
vt 0.254103 0.196575
vt 0.203093 0.244918
vt 0.208858 0.197430
vt 0.980815 0.510618
vt 0.980815 0.541494
vt 0.156453 0.247074
vt 0.160371 0.198439
vt 0.119028 0.248298
vt 0.119833 0.197351
vt 0.980815 0.477947
vt 0.980815 0.406645
vt 0.980815 0.442863
vt 0.301077 0.283382
vt 0.257373 0.154484
vt 0.211554 0.154604
vt 0.116994 0.150066
vt 0.118103 0.094100
vt 0.165996 0.105664
vt 0.165074 0.155984
vt 0.261959 0.107222
vt 0.309397 0.106276
vt 0.305519 0.151547
vt 0.216015 0.106704
vt 0.591710 0.456589
vt 0.575758 0.419450
vt 0.612991 0.411187
vt 0.628777 0.441028
vt 0.265422 0.060385
vt 0.761165 0.249386
vt 0.702538 0.249386
vt 0.898875 0.249386
vt 0.933735 0.249386
vt 0.354898 0.143373
vt 0.356459 0.100413
vt 0.352815 0.232379
vt 0.352930 0.188521
vt 0.980815 0.278158
vt 0.980815 0.249386
vt 0.353851 0.279777
vt 0.980815 0.324413
vt 0.980815 0.368913
vt 0.126179 0.058008
vt 0.171754 0.062979
vt 0.219354 0.061328
vt 0.172988 0.012195
vt 0.223818 0.012195
vt 0.133856 0.012195
vt 0.268446 0.012195
vt 0.426231 0.716127
vt 0.454772 0.685607
vt 0.484684 0.709425
vt 0.472259 0.737798
vt 0.464126 0.651863
vt 0.420123 0.634940
vt 0.387246 0.684988
vt 0.515630 0.701034
vt 0.541363 0.737161
vt 0.448599 0.584905
vt 0.479412 0.609204
vt 0.492727 0.653772
vt 0.521637 0.618930
vt 0.501618 0.562439
vt 0.474548 0.545325
vt 0.526763 0.513122
vt 0.499576 0.498694
vt 0.557805 0.473732
vt 0.546294 0.433681
vt 0.688582 0.392980
vt 0.682878 0.429782
vt 0.652340 0.412888
vt 0.662168 0.382555
vt 0.629551 0.391145
vt 0.642686 0.373863
vt 0.567708 0.693438
vt 0.591493 0.722803
vt 0.546192 0.660604
vt 0.518146 0.671796
vt 0.726334 0.398127
vt 0.723388 0.431509
vt 0.773113 0.399940
vt 0.765799 0.430940
vt 0.828307 0.445544
vt 0.794224 0.457533
vt 0.844978 0.494422
vt 0.813337 0.504730
vt 0.838966 0.559868
vt 0.809220 0.554240
vt 0.801002 0.609456
vt 0.778873 0.582202
vt 0.775317 0.552270
vt 0.772863 0.508995
vt 0.763982 0.634766
vt 0.745535 0.608151
vt 0.726652 0.659545
vt 0.705819 0.631949
vt 0.691798 0.689305
vt 0.667052 0.661759
vt 0.659352 0.718594
vt 0.634300 0.699684
vt 0.734848 0.586549
vt 0.694153 0.593823
vt 0.761070 0.470471
vt 0.722917 0.466458
vt 0.681030 0.464788
vt 0.622589 0.329974
vt 0.569812 0.345104
vt 0.560549 0.294592
vt 0.497165 0.308792
vt 0.514881 0.356207
vt 0.520971 0.404044
vt 0.580914 0.390274
vt 0.465964 0.362175
vt 0.464089 0.414620
vt 0.630468 0.371031
vt 0.644836 0.472216
vt 0.609783 0.485657
vt 0.607464 0.530398
vt 0.645913 0.524583
vt 0.639186 0.570692
vt 0.602971 0.567690
vt 0.725120 0.510435
vt 0.683272 0.515254
vt 0.687076 0.559521
vt 0.729954 0.554194
vt 0.658921 0.599412
vt 0.555758 0.531295
vt 0.575597 0.502501
vt 0.535040 0.570230
vt 0.577806 0.588759
vt 0.561111 0.611907
vt 0.605264 0.670035
vt 0.656756 0.623053
vt 0.578405 0.643280
vt 0.629227 0.607648
vt 0.626359 0.650852
vt 0.596836 0.604831
vt 0.285821 0.765618
vt 0.275188 0.809781
vt 0.215242 0.812458
vt 0.220287 0.768162
vt 0.065018 0.683866
vt 0.010412 0.686824
vt 0.024646 0.625100
vt 0.066229 0.634139
vt 0.210774 0.690996
vt 0.164830 0.684670
vt 0.156743 0.636683
vt 0.195682 0.632496
vt 0.115236 0.682545
vt 0.117275 0.635069
vt 0.278079 0.723684
vt 0.215519 0.723428
vt 0.079561 0.583240
vt 0.113843 0.587016
vt 0.149014 0.802557
vt 0.153897 0.770193
vt 0.151798 0.736549
vt 0.096048 0.785209
vt 0.097727 0.765711
vt 0.145574 0.579672
vt 0.174490 0.565515
vt 0.051082 0.561581
vt 0.104148 0.538013
vt 0.131186 0.533307
vt 0.100307 0.513982
vt 0.134938 0.513967
vt 0.854689 0.541494
vt 0.980815 0.201141
vt 0.934465 0.201141
vt 0.804323 0.395330
vt 0.519747 0.463852
vt 0.830897 0.411071
vt 0.061684 0.770365
vt 0.030396 0.770365
vt 0.030396 0.742897
vt 0.061684 0.742897
vt 0.030396 0.718671
vt 0.061684 0.718671
vt 0.087280 0.770365
vt 0.087280 0.797245
vt 0.061684 0.797245
vt 0.087280 0.742897
vt 0.006880 0.742897
vt 0.006880 0.770365
vt 0.006880 0.797245
vt 0.030396 0.797245
vt 0.030396 0.824080
vt 0.006880 0.824080
vt 0.061684 0.847671
vt 0.030396 0.847671
vt 0.061684 0.824080
vt 0.087280 0.824080
s 1
usemtl FarmAnimals_Horse
f 1/1/1 2/2/2 4/3/3 3/4/4
f 4/3/3 2/2/2 5/5/5 6/6/6
f 6/6/6 5/5/5 7/7/7 8/8/8
f 10/9/9 9/10/10 11/11/10 12/12/9
f 66/13/11 65/14/12 13/15/13 14/16/14
f 14/16/14 13/15/13 15/17/15 16/18/16
f 16/18/17 15/17/18 17/19/19 18/20/20
f 18/21/21 17/22/22 19/23/23 20/24/24
f 20/24/25 19/23/26 21/25/27 22/26/28
f 22/26/28 21/25/27 23/27/29 24/28/30
f 24/28/31 23/27/32 25/29/32 26/30/31
f 26/31/33 25/32/34 27/33/34 28/34/33
f 28/34/35 27/33/36 29/35/37 30/36/38
f 30/36/38 29/35/37 31/37/39 32/38/40
f 32/38/41 31/37/42 33/39/43 34/40/44
f 34/41/44 33/42/43 35/43/45 36/44/46
f 36/44/47 35/43/48 37/45/49 38/46/50
f 38/46/50 37/45/49 39/47/51 40/48/52
f 40/48/52 39/47/51 41/49/53 42/50/54
f 42/50/55 41/49/56 43/51/56 44/52/55
f 67/53/57 65/14/58 11/11/59 9/54/59
f 13/15/60 49/55/61 17/56/62 15/17/62
f 48/57/63 21/25/64 19/23/65 17/58/65
f 21/25/64 48/57/63 25/59/66 23/27/66
f 47/60/67 29/35/68 27/33/69 25/61/69
f 29/35/68 47/60/67 33/62/70 31/37/70
f 46/63/71 37/45/72 35/43/73 33/64/73
f 45/65/74 39/47/75 37/45/72 46/63/71
f 39/47/75 45/65/74 43/66/76 41/49/76
f 6/6/6 8/8/8 54/67/77 53/68/78
f 4/3/3 6/6/6 53/68/78 52/69/79
f 4/3/3 52/69/79 50/70/80 3/4/4
f 406/71/81 404/72/82 55/73/83 68/74/84
f 75/75/85 73/76/86 396/77/87 69/78/88
f 69/78/88 396/77/87 412/79/89 70/80/90
f 70/80/90 412/79/89 395/81/91 71/82/92
f 414/83/93 391/84/94 392/85/95 72/86/96
f 413/87/97 403/88/98 376/89/99 63/90/100
f 415/91/101 71/82/92 414/83/93 397/92/102
f 58/93/103 69/78/88 70/80/90 60/94/104
f 74/95/105 75/75/85 69/78/88 58/93/103
f 405/96/106 406/71/81 68/74/84 56/97/107
f 49/55/61 13/15/60 65/14/58 67/53/57
f 12/12/108 11/11/109 65/14/12 66/13/11
f 56/97/107 68/74/84 75/75/85 74/95/105
f 68/74/84 55/73/83 73/76/86 75/75/85
f 1/1/1 3/4/4 77/98/110 76/99/111
f 76/99/111 77/98/110 79/100/112 78/101/113
f 269/102/114 80/103/115 51/104/116 267/105/117
f 78/101/113 79/100/112 82/106/118 81/107/119
f 81/107/119 82/106/118 84/108/120 83/109/121
f 83/109/121 84/108/120 86/110/122 85/111/123
f 85/111/123 86/110/122 88/112/124 87/113/125
f 53/68/78 54/67/77 90/114/126 89/115/127
f 89/115/127 90/114/126 92/116/128 91/117/129
f 91/117/129 92/116/128 94/118/130 93/119/131
f 93/119/131 94/118/130 96/120/132 95/121/133
f 112/122/134 114/123/135 115/124/136 113/125/137
f 95/126/138 96/127/139 114/123/135 112/122/134
f 111/128/140 110/129/141 112/122/134 113/125/137
f 95/126/138 112/122/134 110/129/141
f 104/130/142 123/131/143 122/132/144 103/133/145
f 103/133/145 122/132/144 121/134/146 102/135/147
f 102/135/147 121/134/146 120/136/148 101/137/149
f 117/138/150 116/139/151 120/136/152 121/134/153
f 118/140/154 117/138/150 121/134/153 122/132/155
f 119/141/156 118/140/154 122/132/155 123/131/157
f 100/142/158 99/143/159 120/136/152 116/139/151
f 99/143/160 98/144/160 101/137/149 120/136/148
f 123/131/157 125/145/161 124/146/162 119/141/156
f 125/145/161 127/147/163 126/148/164 124/146/162
f 127/147/163 129/149/165 128/150/166 126/148/164
f 129/149/165 131/151/167 130/152/168 128/150/166
f 131/151/167 133/153/169 132/154/170 130/152/168
f 133/153/169 134/155/171 132/154/170
f 107/156/172 108/157/173 131/151/174 129/149/175
f 106/158/176 107/156/172 129/149/175 127/147/177
f 105/159/178 106/158/176 127/147/177 125/145/179
f 104/130/142 105/159/178 125/145/179 123/131/143
f 108/157/173 109/160/180 133/153/181 131/151/174
f 134/155/182 133/153/181 109/160/180 136/161/182
f 106/158/183 135/162/184 137/163/185 107/156/186
f 104/130/187 138/164/188 139/165/189 105/159/190
f 102/135/191 140/166/192 141/167/193 103/133/194
f 158/168/195 138/164/188 141/167/193 160/169/196
f 103/133/194 141/167/193 138/164/188 104/130/187
f 105/159/190 139/165/189 135/162/184 106/158/183
f 108/157/197 143/170/198 144/171/199 109/160/200
f 143/170/201 145/172/202 146/173/203 144/171/204
f 108/157/197 107/156/186 137/163/185 143/170/198
f 136/161/205 109/160/200 144/171/199
f 144/171/204 146/173/203 136/161/206
f 135/162/207 147/174/208 148/175/209 137/163/210
f 145/172/202 143/170/201 137/163/210 148/175/209
f 135/176/211 149/177/212 150/178/213 147/179/214
f 149/177/212 151/180/215 150/178/213
f 153/181/216 149/182/217 135/162/184 152/183/218
f 152/183/218 154/184/219 155/185/220 153/181/216
f 153/181/216 155/185/220 151/186/221
f 151/186/221 149/182/217 153/181/216
f 152/183/218 156/187/222 157/188/223 154/184/219
f 156/187/222 158/168/195 159/189/224 157/188/223
f 158/168/195 160/169/196 161/190/225 159/189/224
f 139/165/189 138/164/188 158/168/195 156/187/222
f 135/162/184 139/165/189 156/187/222 152/183/218
f 140/166/192 142/191/226 110/192/141 111/193/140
f 102/135/191 101/137/227 142/191/226 140/166/192
f 101/137/227 98/144/228 142/191/226
f 98/144/228 95/194/138 110/192/141 142/191/226
f 141/167/193 140/166/192 111/193/140 162/195/229
f 162/196/230 163/197/231 160/198/232
f 160/169/196 141/167/193 162/195/229
f 166/199/233 167/200/234 165/201/235
f 165/201/235 167/200/234 161/202/236 164/203/237
f 161/202/236 160/198/232 163/197/231 164/203/237
f 169/204/238 113/125/137 115/124/136 168/205/239
f 171/206/240 170/207/241 169/204/238 168/205/239
f 171/206/240 173/208/242 172/209/243 170/207/241
f 164/210/244 163/211/245 170/207/241 172/209/243
f 163/211/245 162/212/229 169/204/238 170/207/241
f 113/125/137 169/204/238 162/212/229 111/128/140
f 173/208/242 175/213/246 174/214/247 172/209/243
f 165/215/248 164/210/244 172/209/243 174/214/247
f 166/216/249 174/214/247 175/213/246
f 166/216/249 165/215/248 174/214/247
f 181/217/250 188/218/251 189/219/252 182/220/253
f 179/221/254 186/222/255 187/223/256 180/224/257
f 177/225/258 184/226/259 185/227/260 178/228/261
f 176/229/262 182/220/253 189/219/252 183/230/263
f 180/224/257 187/223/256 188/231/251 181/232/250
f 178/228/261 185/227/260 186/222/255 179/221/254
f 176/229/262 183/230/263 184/226/259 177/225/258
f 183/230/263 190/233/264 191/234/265 184/226/259
f 188/218/251 195/235/266 196/236/267 189/219/252
f 186/222/255 193/237/268 194/238/269 187/223/256
f 184/226/259 191/234/265 192/239/270 185/227/260
f 183/230/263 189/219/252 196/236/267 190/233/264
f 187/223/256 194/238/269 195/240/266 188/231/251
f 185/227/260 192/239/270 193/237/268 186/222/255
f 190/233/264 196/236/267 203/241/271 197/242/272
f 194/238/269 201/243/273 202/244/274 195/240/266
f 192/239/270 199/245/275 200/246/276 193/237/268
f 190/233/264 197/242/272 198/247/277 191/234/265
f 195/235/266 202/248/274 203/241/271 196/236/267
f 193/237/268 200/246/276 201/243/273 194/238/269
f 191/234/265 198/247/277 199/245/275 192/239/270
f 182/220/253 210/249/278 209/250/279 181/217/250
f 180/224/257 208/251/280 207/252/281 179/221/254
f 178/228/261 206/253/282 205/254/283 177/225/258
f 182/220/253 176/229/262 204/255/284 210/249/278
f 181/232/250 209/256/279 208/251/280 180/224/257
f 179/221/254 207/252/281 206/253/282 178/228/261
f 177/225/258 205/254/283 204/255/284 176/229/262
f 207/252/281 214/257/285 213/258/286 206/253/282
f 205/254/283 212/259/287 211/260/288 204/255/284
f 210/249/278 217/261/289 216/262/290 209/250/279
f 208/251/280 215/263/291 214/257/285 207/252/281
f 206/253/282 213/258/286 212/259/287 205/254/283
f 210/249/278 204/255/284 211/260/288 217/261/289
f 209/256/279 216/264/290 215/263/291 208/251/280
f 217/261/289 211/260/288 218/265/292 224/266/293
f 216/264/290 223/267/294 222/268/295 215/263/291
f 214/257/285 221/269/296 220/270/297 213/258/286
f 212/259/287 219/271/298 218/265/292 211/260/288
f 217/261/289 224/266/293 223/272/294 216/262/290
f 215/263/291 222/268/295 221/269/296 214/257/285
f 213/258/286 220/270/297 219/271/298 212/259/287
f 224/266/293 231/273/299 230/274/300 223/272/294
f 222/268/295 229/275/301 228/276/302 221/269/296
f 220/270/297 227/277/303 226/278/304 219/271/298
f 224/266/293 218/265/292 225/279/305 231/273/299
f 271/280/306 257/281/307 279/282/308 280/283/309
f 221/269/296 228/276/302 227/277/303 220/270/297
f 219/271/298 226/278/304 273/284/310 218/265/292
f 201/243/311 200/246/312 235/285/313 236/286/314
f 199/245/315 198/247/316 233/287/317 234/288/318
f 197/242/319 203/241/320 238/289/321 232/290/322
f 202/244/323 201/243/311 236/286/314 237/291/324
f 200/246/312 199/245/315 234/288/318 235/285/313
f 198/247/316 197/242/319 232/290/322 233/287/317
f 203/241/320 202/248/323 237/292/324 238/289/321
f 232/290/322 238/289/321 245/293/325 239/294/326
f 237/291/324 236/286/314 243/295/327 244/296/328
f 235/285/313 234/288/318 241/297/329 242/298/330
f 233/287/317 232/290/322 239/294/326 240/299/331
f 238/289/321 237/292/324 244/300/328 245/293/325
f 236/286/314 235/285/313 242/298/330 243/295/327
f 234/288/318 233/287/317 240/299/331 241/297/329
f 227/277/303 228/276/302 249/301/332 248/302/333
f 225/279/305 273/284/310 274/303/334 246/304/335
f 230/274/300 231/273/299 252/305/336 251/306/337
f 228/276/302 229/275/301 250/307/338 249/301/332
f 226/278/304 227/277/303 248/302/333 247/308/339
f 231/273/299 225/279/305 246/304/335 252/305/336
f 229/275/301 277/309/340 278/310/341 250/307/338
f 88/112/124 86/110/122 501/311/342 502/312/343
f 253/313/344 254/314/345 250/315/338 255/316/346
f 271/280/306 272/317/347 256/318/348 257/281/307
f 257/281/307 256/318/348 258/319/349 259/320/350
f 259/320/350 258/319/349 260/321/351 261/322/352
f 264/323/353 265/324/354 262/325/355 263/326/356
f 52/69/79 263/326/356 262/325/355 50/70/80
f 261/322/352 260/321/351 265/324/354 264/323/353
f 93/119/131 261/322/352 264/323/353 91/117/129
f 91/117/129 264/323/353 263/326/356 89/115/127
f 52/69/79 53/68/78 89/115/127 263/326/356
f 260/321/351 258/319/349 266/327/357 265/324/354
f 265/324/354 266/327/357 267/105/117 262/325/355
f 51/104/116 50/70/80 262/325/355 267/105/117
f 267/105/117 266/327/357 268/328/358 269/102/114
f 256/318/348 268/328/358 266/327/357 258/319/349
f 79/100/112 77/98/110 51/104/116 270/329/359
f 252/330/336 246/331/335 272/317/347 271/280/306
f 256/318/348 272/317/347 275/332/360 268/328/358
f 218/265/292 273/284/310 225/279/305
f 274/303/334 273/284/310 226/278/304 247/308/339
f 272/317/347 246/331/335 274/333/334 275/332/360
f 269/102/114 268/328/358 275/332/360 276/334/361
f 247/335/339 276/334/361 275/332/360 274/333/334
f 222/268/295 223/267/294 230/336/300 277/309/340
f 278/310/341 277/309/340 230/336/300 251/337/337
f 277/309/340 229/275/301 222/268/295
f 280/283/309 279/282/308 281/338/362 282/339/363
f 278/340/341 251/341/337 283/342/364 284/343/365
f 250/315/338 278/344/341 284/345/365 255/316/346
f 252/330/336 271/280/306 280/283/309 251/341/337
f 282/339/363 283/342/364 251/341/337 280/283/309
f 261/322/352 93/119/131 95/121/133 97/346/366
f 259/320/350 261/322/352 97/346/366 285/347/367
f 97/346/366 95/121/133 98/348/368 285/347/367
f 100/349/369 281/338/362 279/282/308 99/350/370
f 99/350/370 279/282/308 285/347/367 98/348/368
f 257/281/307 259/320/350 285/347/367 279/282/308
f 291/351/371 298/352/372 299/353/373 292/354/374
f 289/355/375 296/356/376 297/357/377 290/358/378
f 287/359/379 294/360/380 295/361/381 288/362/382
f 286/363/383 292/364/374 299/365/373 293/366/384
f 290/358/378 297/357/377 298/352/372 291/351/371
f 288/362/382 295/361/381 296/356/376 289/355/375
f 286/363/383 293/366/384 294/360/380 287/359/379
f 293/366/384 300/367/385 301/368/386 294/360/380
f 298/352/372 305/369/387 306/370/388 299/353/373
f 296/356/376 303/371/389 304/372/390 297/357/377
f 294/360/380 301/368/386 302/373/391 295/361/381
f 293/366/384 299/365/373 306/374/388 300/367/385
f 297/357/377 304/372/390 305/369/387 298/352/372
f 295/361/381 302/373/391 303/371/389 296/356/376
f 300/367/385 306/374/388 313/375/392 307/376/393
f 304/372/390 311/377/394 312/378/395 305/369/387
f 302/373/391 309/379/396 310/380/397 303/371/389
f 300/367/385 307/376/393 308/381/398 301/368/386
f 305/369/387 312/378/395 313/382/392 306/370/388
f 303/371/389 310/380/397 311/377/394 304/372/390
f 301/368/386 308/381/398 309/379/396 302/373/391
f 292/354/374 320/383/399 319/384/400 291/351/371
f 290/358/378 318/385/401 317/386/402 289/355/375
f 288/362/382 316/387/403 315/388/404 287/359/379
f 292/364/374 286/363/383 314/389/405 320/390/399
f 291/351/371 319/384/400 318/385/401 290/358/378
f 289/355/375 317/386/402 316/387/403 288/362/382
f 287/359/379 315/388/404 314/389/405 286/363/383
f 317/386/402 324/391/406 323/392/407 316/387/403
f 315/388/404 322/393/408 321/394/409 314/389/405
f 320/383/399 327/395/410 326/396/411 319/384/400
f 318/385/401 325/397/412 324/391/406 317/386/402
f 316/387/403 323/392/407 322/393/408 315/388/404
f 320/390/399 314/389/405 321/394/409 327/398/410
f 319/384/400 326/396/411 325/397/412 318/385/401
f 327/398/410 321/394/409 328/399/413 334/400/414
f 326/396/411 333/401/415 332/402/416 325/397/412
f 324/391/406 331/403/417 330/404/418 323/392/407
f 322/393/408 329/405/419 328/399/413 321/394/409
f 327/395/410 334/406/414 333/401/415 326/396/411
f 325/397/412 332/402/416 331/403/417 324/391/406
f 323/392/407 330/404/418 329/405/419 322/393/408
f 334/406/414 341/407/420 340/408/421 333/401/415
f 332/402/416 339/409/422 338/410/423 331/403/417
f 330/404/418 337/411/424 336/412/425 329/405/419
f 334/400/414 328/399/413 335/413/426 341/414/420
f 331/403/417 338/410/423 337/411/424 330/404/418
f 329/405/419 336/412/425 335/413/426 328/399/413
f 311/377/427 310/380/428 345/415/429 346/416/430
f 309/379/431 308/381/432 343/417/433 344/418/434
f 307/376/435 313/375/436 348/419/437 342/420/438
f 312/378/439 311/377/427 346/416/430 347/421/440
f 310/380/428 309/379/431 344/418/434 345/415/429
f 308/381/432 307/376/435 342/420/438 343/417/433
f 313/382/436 312/378/439 347/421/440 348/422/437
f 342/420/438 348/419/437 355/423/441 349/424/442
f 347/421/440 346/416/430 353/425/443 354/426/444
f 345/415/429 344/418/434 351/427/445 352/428/446
f 343/417/433 342/420/438 349/424/442 350/429/447
f 348/422/437 347/421/440 354/426/444 355/430/441
f 346/416/430 345/415/429 352/428/446 353/425/443
f 344/418/434 343/417/433 350/429/447 351/427/445
f 332/402/416 333/401/415 340/408/421 356/431/448
f 356/431/448 339/409/422 332/402/416
f 357/432/449 358/433/450 360/434/451 359/435/452
f 407/436/453 408/437/454 359/435/452 360/434/451
f 409/438/455 17/439/456 49/440/457 405/96/106
f 409/438/455 361/441/458 359/435/452 408/437/454
f 56/97/107 74/95/105 62/442/459 361/441/458
f 62/442/459 357/432/449 359/435/452 361/441/458
f 250/315/338 254/314/345 249/443/332
f 79/100/112 270/329/359 363/444/460 82/106/118
f 82/106/118 363/444/460 362/445/461 84/108/120
f 51/104/116 77/98/110 3/4/4 50/70/80
f 86/110/122 84/108/120 362/445/461 501/311/342
f 249/301/332 362/446/462 248/302/333
f 363/444/463 364/447/464 248/448/333 362/445/462
f 248/448/333 364/447/464 276/334/361 247/335/339
f 80/103/115 269/102/114 276/334/361 364/447/464
f 80/103/115 364/447/464 363/444/463 270/329/465
f 80/103/115 270/329/465 51/104/116
f 365/449/466 244/450/466 243/451/466 366/452/466
f 239/453/466 365/449/466 366/452/466 240/454/466
f 241/455/466 240/454/466 366/452/466
f 242/456/466 241/455/466 366/452/466
f 243/451/466 242/456/466 366/452/466
f 245/457/466 365/449/466 239/453/466
f 244/450/466 365/449/466 245/457/466
f 367/458/466 368/459/466 354/460/466 353/461/466
f 350/462/466 349/463/466 368/459/466 367/458/466
f 355/464/466 368/459/466 349/463/466
f 353/461/466 352/465/466 367/458/466
f 351/466/466 367/458/466 352/465/466
f 350/462/466 367/458/466 351/466/466
f 354/460/466 368/459/466 355/464/466
f 85/111/123 87/113/125 370/467/467 369/468/468
f 369/468/468 370/467/467 372/469/469 356/470/448
f 372/471/469 371/472/470 339/473/422 356/474/448
f 385/475/471 384/476/472 76/99/111 78/101/113
f 341/477/473 386/478/474 81/107/119 83/109/121
f 78/101/113 81/107/119 386/478/474 385/475/471
f 85/111/123 369/468/468 341/477/473 83/109/121
f 340/479/475 369/468/468 356/470/448
f 341/477/473 369/468/468 340/479/475
f 381/480/476 382/481/477 388/482/478 387/483/479
f 387/483/479 388/482/478 390/484/480 389/485/481
f 392/85/95 391/84/94 413/486/97 63/487/100
f 384/476/472 385/475/471 390/484/480 388/482/478
f 393/488/482 394/489/483 389/485/481 390/484/480
f 335/490/426 336/491/425 394/489/483 393/488/482
f 385/475/471 386/478/474 393/488/482 390/484/480
f 335/490/426 393/488/482 386/478/474 341/477/420
f 391/84/94 395/81/91 61/492/484 413/486/97
f 412/79/89 396/77/87 57/493/485 59/494/486
f 395/81/91 412/79/89 59/494/486 61/492/484
f 383/495/487 384/476/472 388/482/478 382/481/477
f 383/495/487 1/1/1 76/99/111 384/476/472
f 399/496/488 387/483/479 389/485/481 398/497/489
f 337/498/424 338/499/423 377/500/490 401/501/491
f 399/496/488 379/502/492 400/503/493 380/504/494
f 381/480/476 387/483/479 399/496/488 380/504/494
f 379/502/492 399/496/488 398/497/489 378/505/495
f 378/505/495 398/497/489 401/501/491 377/500/490
f 394/489/483 401/501/491 398/497/489 389/485/481
f 337/498/424 401/501/491 394/489/483 336/491/425
f 433/506/496 60/507/497 415/508/498 434/509/499
f 403/88/98 400/503/493 379/502/492 402/510/500
f 17/439/456 409/438/455 408/437/454 48/511/501
f 361/441/458 409/438/455 405/96/106 56/97/107
f 25/512/502 48/511/501 408/437/454 407/436/453
f 49/440/457 67/513/503 406/71/81 405/96/106
f 67/513/503 9/514/504 404/72/82 406/71/81
f 59/515/486 380/504/494 400/503/493 61/516/484
f 410/517/505 382/481/477 381/480/476 57/518/485
f 2/519/2 404/72/82 9/514/504 5/520/5
f 411/521/506 2/2/2 1/1/1 383/495/487
f 55/73/83 404/72/82 2/519/2 411/522/506
f 382/481/477 410/517/505 411/521/506 383/495/487
f 73/76/86 55/73/83 411/522/506 410/523/505
f 71/82/92 395/81/91 391/84/94 414/83/93
f 403/88/98 413/87/97 61/516/484 400/503/493
f 339/473/422 418/524/507 338/499/423
f 71/82/92 415/91/101 60/94/104 70/80/90
f 338/499/423 418/524/507 417/525/508 377/500/490
f 377/500/490 417/525/508 416/526/509 378/505/495
f 402/510/500 379/502/492 378/505/495 416/526/509
f 374/527/510 375/528/511 416/526/509 417/525/508
f 373/529/512 374/527/510 417/525/508 418/524/507
f 339/473/422 371/472/470 373/529/512 418/524/507
f 402/510/500 416/526/509 375/528/511 419/530/513
f 376/89/99 403/88/98 402/510/500 419/530/513
f 47/531/514 426/532/515 425/533/516 33/534/517
f 420/535/518 426/532/515 407/536/453
f 47/531/514 25/537/502 407/536/453 426/532/515
f 33/534/517 425/533/516 423/538/519 46/539/520
f 360/540/451 428/541/521 420/535/518 407/536/453
f 421/542/522 420/535/518 428/541/521 429/543/523
f 430/544/524 428/541/521 360/540/451 358/545/450
f 431/546/525 430/544/524 358/545/450 506/547/526
f 60/507/497 433/506/496 432/548/527 58/549/103
f 437/550/528 436/551/529 504/552/530 505/553/531
f 505/553/531 504/552/530 397/554/532 64/555/533
f 424/556/534 45/557/535 46/539/520 423/538/519
f 427/558/536 422/559/537 421/542/522 429/543/523
f 423/538/519 422/559/537 427/558/536 424/556/534
f 436/551/529 437/550/528 439/560/538 438/561/539
f 438/561/539 439/560/538 441/562/540 440/563/541
f 440/563/541 441/562/540 443/564/542 442/565/543
f 442/565/543 443/564/542 445/566/544 444/567/545
f 444/567/545 445/566/544 447/568/546 446/569/547
f 446/569/547 447/568/546 449/570/548 448/571/549
f 444/567/545 446/569/547 451/572/550 450/573/551
f 448/571/549 449/570/548 453/574/552 452/575/553
f 452/575/553 453/574/552 455/576/554 454/577/555
f 454/577/555 455/576/554 457/578/556 456/579/557
f 44/580/558 43/581/559 456/579/557 457/578/556
f 459/582/560 448/571/561 452/575/562
f 459/582/560 452/575/562 454/577/563 458/583/564
f 442/565/543 444/567/545 450/573/551 461/584/565
f 440/563/541 442/565/543 461/584/565
f 438/561/539 440/563/541 461/584/565 462/585/566
f 435/586/567 436/551/529 438/561/539 462/585/566
f 460/587/568 470/588/569 463/589/570
f 464/590/571 463/589/570 470/588/569 471/591/572
f 467/592/573 471/591/572 470/588/569 469/593/574
f 465/594/575 471/591/572 467/592/573 466/595/576
f 465/594/575 464/590/571 471/591/572
f 460/587/568 468/596/577 469/593/574 470/588/569
f 433/506/496 434/509/499 503/597/578 473/598/579
f 474/599/580 475/600/581 463/601/582 464/602/583
f 479/603/584 478/604/585 435/586/567 462/585/566
f 459/582/586 458/583/587 476/605/588 477/606/589
f 477/606/589 476/605/588 478/604/585 479/603/584
f 450/573/551 451/572/550 477/606/589 479/603/584
f 459/582/586 477/606/589 451/572/550 448/571/549
f 446/569/547 448/571/549 451/572/550
f 461/584/565 450/573/551 479/603/584 462/585/566
f 435/586/567 478/604/585 475/600/581 503/597/578
f 475/600/581 478/604/585 476/605/588 463/601/582
f 458/583/587 460/607/590 463/601/582 476/605/588
f 481/608/591 431/546/525 432/548/527 480/609/592
f 474/599/580 481/608/591 480/609/592 473/598/579
f 432/548/527 433/506/496 473/598/579 480/609/592
f 482/610/593 430/544/524 431/546/525 481/608/591
f 429/543/523 428/541/521 430/544/524 482/610/593
f 465/611/594 466/612/595 429/543/523 482/610/593
f 465/611/594 482/610/593 464/602/583
f 464/602/583 482/610/593 481/608/591 474/599/580
f 483/613/596 43/581/559 45/557/535 424/556/534
f 458/583/564 454/577/563 468/614/597 460/607/598
f 472/615/599 427/558/536 429/543/523 466/612/595
f 424/556/534 427/558/536 472/615/599 483/613/596
f 469/616/600 484/617/601 472/615/599 467/618/602
f 467/618/602 472/615/599 466/612/595
f 454/577/563 456/579/557 468/614/597
f 43/581/559 483/613/596 484/617/601
f 472/615/599 484/617/601 483/613/596
f 484/617/601 456/579/557 43/581/559
f 456/579/557 484/617/601 469/616/600 468/614/597
f 421/619/603 422/620/604 487/621/605 486/622/606
f 426/623/607 420/624/608 485/625/609 490/626/610
f 422/627/611 423/628/612 488/629/613 487/630/614
f 423/628/612 425/631/615 489/632/616 488/629/613
f 420/633/617 421/619/603 486/622/606 485/634/618
f 425/631/615 426/623/607 490/626/610 489/632/616
f 489/632/616 490/626/610 492/635/619 491/636/620
f 486/622/606 487/621/605 495/637/621 494/638/622
f 485/634/618 486/622/606 494/638/622 493/639/623
f 494/638/622 495/637/621 497/640/624 496/641/625
f 493/639/623 494/638/622 496/641/625
f 498/642/626 488/629/613 489/632/616 491/636/620
f 488/629/613 498/642/626 495/643/627 487/630/614
f 485/625/609 493/644/628 492/635/619 490/626/610
f 498/642/626 491/636/620 499/645/629 500/646/630
f 492/635/619 499/645/629 491/636/620
f 496/647/631 499/645/629 492/635/619 493/644/628
f 500/646/630 497/648/632 495/643/627 498/642/626
f 500/646/630 499/645/629 496/647/631 497/648/632
f 501/311/342 362/445/461 249/443/332 254/314/345
f 502/312/343 501/311/342 254/314/345 253/313/344
f 397/92/102 414/83/93 72/86/96 64/649/633
f 380/504/494 59/515/486 57/518/485 381/480/476
f 396/77/87 73/76/86 410/523/505 57/493/485
f 7/650/7 5/520/5 9/514/504 10/651/634
f 503/597/578 436/551/529 435/586/567
f 436/551/529 503/597/578 434/509/499 504/552/530
f 504/552/530 434/509/499 415/508/498 397/554/532
f 475/600/581 474/599/580 473/598/579 503/597/578
f 506/652/526 358/433/450 357/432/449
f 506/547/526 507/653/635 432/548/527 431/546/525
f 58/93/103 507/654/635 62/442/459 74/95/105
f 62/442/459 507/654/635 506/652/526 357/432/449
f 432/548/527 507/653/635 58/549/103
f 508/1/636 510/4/637 511/3/638 509/2/639
f 511/3/638 513/6/640 512/5/641 509/2/639
f 513/6/640 8/8/8 7/7/7 512/5/641
f 10/9/9 12/12/9 515/11/642 514/10/642
f 66/13/11 14/16/14 516/15/643 549/14/644
f 14/16/14 16/18/16 517/17/645 516/15/643
f 16/18/17 18/20/20 518/19/646 517/17/647
f 18/21/21 20/24/24 519/23/648 518/22/649
f 20/24/25 22/26/28 520/25/650 519/23/651
f 22/26/28 24/28/30 521/27/652 520/25/650
f 24/28/31 26/30/31 522/29/653 521/27/653
f 26/31/33 28/34/33 523/33/654 522/32/654
f 28/34/35 30/36/38 524/35/655 523/33/656
f 30/36/38 32/38/40 525/37/657 524/35/655
f 32/38/41 34/40/44 526/39/658 525/37/659
f 34/41/44 36/44/46 527/43/660 526/42/658
f 36/44/47 38/46/50 528/45/661 527/43/662
f 38/46/50 40/48/52 529/47/663 528/45/661
f 40/48/52 42/50/54 530/49/664 529/47/663
f 42/50/55 44/52/55 531/51/665 530/49/665
f 550/53/666 514/54/667 515/11/667 549/14/668
f 516/15/669 517/17/670 518/56/670 536/55/671
f 535/57/672 518/58/673 519/23/673 520/25/674
f 520/25/674 521/27/675 522/59/675 535/57/672
f 534/60/676 522/61/677 523/33/677 524/35/678
f 524/35/678 525/37/679 526/62/679 534/60/676
f 533/63/680 526/64/681 527/43/681 528/45/682
f 532/65/683 533/63/680 528/45/682 529/47/684
f 529/47/684 530/49/685 531/66/685 532/65/683
f 513/6/640 540/68/686 54/67/77 8/8/8
f 511/3/638 539/69/687 540/68/686 513/6/640
f 511/3/638 510/4/637 537/70/688 539/69/687
f 837/71/689 551/74/690 541/73/691 835/72/692
f 557/75/693 552/78/694 827/77/695 555/76/696
f 552/78/694 553/80/697 843/79/698 827/77/695
f 553/80/697 554/82/699 826/81/700 843/79/698
f 845/83/701 72/86/96 392/85/95 823/84/702
f 844/87/703 63/90/100 376/89/99 834/88/704
f 846/91/705 828/92/706 845/83/701 554/82/699
f 544/93/707 546/94/708 553/80/697 552/78/694
f 556/95/709 544/93/707 552/78/694 557/75/693
f 836/96/710 542/97/711 551/74/690 837/71/689
f 536/55/671 550/53/666 549/14/668 516/15/669
f 12/12/108 66/13/11 549/14/644 515/11/712
f 542/97/711 556/95/709 557/75/693 551/74/690
f 551/74/690 557/75/693 555/76/696 541/73/691
f 508/1/636 558/99/713 559/98/714 510/4/637
f 558/99/713 560/101/715 561/100/716 559/98/714
f 712/102/717 710/105/718 538/104/719 562/103/720
f 560/101/715 563/107/721 564/106/722 561/100/716
f 563/107/721 565/109/723 566/108/724 564/106/722
f 565/109/723 567/111/725 568/110/726 566/108/724
f 567/111/725 87/113/125 88/112/124 568/110/726
f 540/68/686 569/115/727 90/114/126 54/67/77
f 569/115/727 570/117/728 92/116/128 90/114/126
f 570/117/728 571/119/729 94/118/130 92/116/128
f 571/119/729 572/121/730 96/120/132 94/118/130
f 587/122/731 588/125/732 115/124/136 114/123/135
f 572/126/733 587/122/731 114/123/135 96/127/139
f 586/128/734 588/125/732 587/122/731 585/129/735
f 572/126/733 585/129/735 587/122/731
f 579/130/736 578/133/737 591/132/738 592/131/739
f 578/133/737 577/135/740 590/134/741 591/132/738
f 577/135/740 576/137/742 589/136/743 590/134/741
f 117/138/150 590/134/744 589/136/745 116/139/151
f 118/140/154 591/132/746 590/134/744 117/138/150
f 119/141/156 592/131/747 591/132/746 118/140/154
f 100/142/158 116/139/151 589/136/745 575/143/748
f 575/143/749 589/136/743 576/137/742 574/144/749
f 592/131/747 119/141/156 124/146/162 593/145/750
f 593/145/750 124/146/162 126/148/164 594/147/751
f 594/147/751 126/148/164 128/150/166 595/149/752
f 595/149/752 128/150/166 130/152/168 596/151/753
f 596/151/753 130/152/168 132/154/170 597/153/754
f 597/153/754 132/154/170 134/155/171
f 582/156/755 595/149/756 596/151/757 583/157/758
f 581/158/759 594/147/760 595/149/756 582/156/755
f 580/159/761 593/145/762 594/147/760 581/158/759
f 579/130/736 592/131/739 593/145/762 580/159/761
f 583/157/758 596/151/757 597/153/763 584/160/764
f 134/155/182 136/161/182 584/160/764 597/153/763
f 581/158/765 582/156/766 599/163/767 598/162/768
f 579/130/769 580/159/770 601/165/771 600/164/772
f 577/135/773 578/133/774 603/167/775 602/166/776
f 611/168/777 612/169/778 603/167/775 600/164/772
f 578/133/774 579/130/769 600/164/772 603/167/775
f 580/159/770 581/158/765 598/162/768 601/165/771
f 583/157/779 584/160/780 606/171/781 605/170/782
f 605/170/783 606/171/784 146/173/203 145/172/202
f 583/157/779 605/170/782 599/163/767 582/156/766
f 136/161/785 606/171/781 584/160/780
f 606/171/784 136/161/206 146/173/203
f 598/162/786 599/163/787 148/175/209 147/174/208
f 145/172/202 148/175/209 599/163/787 605/170/783
f 598/176/788 147/179/214 150/178/213 607/177/789
f 607/177/789 150/178/213 151/180/215
f 609/181/790 608/183/791 598/162/768 607/182/792
f 608/183/791 609/181/790 155/185/220 154/184/219
f 609/181/790 151/186/221 155/185/220
f 151/186/221 609/181/790 607/182/792
f 608/183/791 154/184/219 157/188/223 610/187/793
f 610/187/793 157/188/223 159/189/224 611/168/777
f 611/168/777 159/189/224 161/190/225 612/169/778
f 601/165/771 610/187/793 611/168/777 600/164/772
f 598/162/768 608/183/791 610/187/793 601/165/771
f 602/166/776 586/193/734 585/192/735 604/191/794
f 577/135/773 602/166/776 604/191/794 576/137/795
f 576/137/795 604/191/794 574/144/796
f 574/144/796 604/191/794 585/192/735 572/194/733
f 603/167/775 613/195/797 586/193/734 602/166/776
f 613/196/798 612/198/799 614/197/800
f 612/169/778 613/195/797 603/167/775
f 166/199/233 616/201/801 167/200/234
f 616/201/801 615/203/802 161/202/236 167/200/234
f 161/202/236 615/203/802 614/197/800 612/198/799
f 617/204/803 168/205/239 115/124/136 588/125/732
f 171/206/240 168/205/239 617/204/803 618/207/804
f 171/206/240 618/207/804 619/209/805 173/208/242
f 615/210/806 619/209/805 618/207/804 614/211/807
f 614/211/807 618/207/804 617/204/803 613/212/797
f 588/125/732 586/128/734 613/212/797 617/204/803
f 173/208/242 619/209/805 620/214/808 175/213/246
f 616/215/809 620/214/808 619/209/805 615/210/806
f 166/216/249 175/213/246 620/214/808
f 166/216/249 620/214/808 616/215/809
f 626/217/810 627/220/811 634/219/812 633/218/813
f 624/221/814 625/224/815 632/223/816 631/222/817
f 622/225/818 623/228/819 630/227/820 629/226/821
f 621/229/822 628/230/823 634/219/812 627/220/811
f 625/224/815 626/232/810 633/231/813 632/223/816
f 623/228/819 624/221/814 631/222/817 630/227/820
f 621/229/822 622/225/818 629/226/821 628/230/823
f 628/230/823 629/226/821 636/234/824 635/233/825
f 633/218/813 634/219/812 641/236/826 640/235/827
f 631/222/817 632/223/816 639/238/828 638/237/829
f 629/226/821 630/227/820 637/239/830 636/234/824
f 628/230/823 635/233/825 641/236/826 634/219/812
f 632/223/816 633/231/813 640/240/827 639/238/828
f 630/227/820 631/222/817 638/237/829 637/239/830
f 635/233/825 642/242/831 648/241/832 641/236/826
f 639/238/828 640/240/827 647/244/833 646/243/834
f 637/239/830 638/237/829 645/246/835 644/245/836
f 635/233/825 636/234/824 643/247/837 642/242/831
f 640/235/827 641/236/826 648/241/832 647/248/833
f 638/237/829 639/238/828 646/243/834 645/246/835
f 636/234/824 637/239/830 644/245/836 643/247/837
f 627/220/811 626/217/810 654/250/838 655/249/839
f 625/224/815 624/221/814 652/252/840 653/251/841
f 623/228/819 622/225/818 650/254/842 651/253/843
f 627/220/811 655/249/839 649/255/844 621/229/822
f 626/232/810 625/224/815 653/251/841 654/256/838
f 624/221/814 623/228/819 651/253/843 652/252/840
f 622/225/818 621/229/822 649/255/844 650/254/842
f 652/252/840 651/253/843 658/258/845 659/257/846
f 650/254/842 649/255/844 656/260/847 657/259/848
f 655/249/839 654/250/838 661/262/849 662/261/850
f 653/251/841 652/252/840 659/257/846 660/263/851
f 651/253/843 650/254/842 657/259/848 658/258/845
f 655/249/839 662/261/850 656/260/847 649/255/844
f 654/256/838 653/251/841 660/263/851 661/264/849
f 662/261/850 669/266/852 663/265/853 656/260/847
f 661/264/849 660/263/851 667/268/854 668/267/855
f 659/257/846 658/258/845 665/270/856 666/269/857
f 657/259/848 656/260/847 663/265/853 664/271/858
f 662/261/850 661/262/849 668/272/855 669/266/852
f 660/263/851 659/257/846 666/269/857 667/268/854
f 658/258/845 657/259/848 664/271/858 665/270/856
f 669/266/852 668/272/855 675/274/859 676/273/860
f 667/268/854 666/269/857 673/276/861 674/275/862
f 665/270/856 664/271/858 671/278/863 672/277/864
f 669/266/852 676/273/860 670/279/865 663/265/853
f 714/280/866 723/283/867 722/282/868 700/281/869
f 666/269/857 665/270/856 672/277/864 673/276/861
f 664/271/858 663/265/853 716/284/870 671/278/863
f 646/243/871 681/286/872 680/285/873 645/246/874
f 644/245/875 679/288/876 678/287/877 643/247/878
f 642/242/879 677/290/880 683/289/881 648/241/882
f 647/244/883 682/291/884 681/286/872 646/243/871
f 645/246/874 680/285/873 679/288/876 644/245/875
f 643/247/878 678/287/877 677/290/880 642/242/879
f 648/241/882 683/289/881 682/292/884 647/248/883
f 677/290/880 684/294/885 690/293/886 683/289/881
f 682/291/884 689/296/887 688/295/888 681/286/872
f 680/285/873 687/298/889 686/297/890 679/288/876
f 678/287/877 685/299/891 684/294/885 677/290/880
f 683/289/881 690/293/886 689/300/887 682/292/884
f 681/286/872 688/295/888 687/298/889 680/285/873
f 679/288/876 686/297/890 685/299/891 678/287/877
f 672/277/864 693/302/892 694/301/893 673/276/861
f 670/279/865 691/304/894 717/303/895 716/284/870
f 675/274/859 696/306/896 697/305/897 676/273/860
f 673/276/861 694/301/893 695/307/898 674/275/862
f 671/278/863 692/308/899 693/302/892 672/277/864
f 676/273/860 697/305/897 691/304/894 670/279/865
f 674/275/862 695/307/898 721/310/900 720/309/901
f 88/112/124 502/312/343 921/311/902 568/110/726
f 253/313/344 255/316/346 695/315/898 698/314/903
f 714/280/866 700/281/869 699/318/904 715/317/905
f 700/281/869 702/320/906 701/319/907 699/318/904
f 702/320/906 704/322/908 703/321/909 701/319/907
f 707/323/910 706/326/911 705/325/912 708/324/913
f 539/69/687 537/70/688 705/325/912 706/326/911
f 704/322/908 707/323/910 708/324/913 703/321/909
f 571/119/729 570/117/728 707/323/910 704/322/908
f 570/117/728 569/115/727 706/326/911 707/323/910
f 539/69/687 706/326/911 569/115/727 540/68/686
f 703/321/909 708/324/913 709/327/914 701/319/907
f 708/324/913 705/325/912 710/105/718 709/327/914
f 538/104/719 710/105/718 705/325/912 537/70/688
f 710/105/718 712/102/717 711/328/915 709/327/914
f 699/318/904 701/319/907 709/327/914 711/328/915
f 561/100/716 713/329/916 538/104/719 559/98/714
f 697/330/897 714/280/866 715/317/905 691/331/894
f 699/318/904 711/328/915 718/332/917 715/317/905
f 663/265/853 670/279/865 716/284/870
f 717/303/895 692/308/899 671/278/863 716/284/870
f 715/317/905 718/332/917 717/333/895 691/331/894
f 712/102/717 719/334/918 718/332/917 711/328/915
f 692/335/899 717/333/895 718/332/917 719/334/918
f 667/268/854 720/309/901 675/336/859 668/267/855
f 721/310/900 696/337/896 675/336/859 720/309/901
f 720/309/901 667/268/854 674/275/862
f 723/283/867 282/339/363 281/338/362 722/282/868
f 721/340/900 284/343/365 283/342/364 696/341/896
f 695/315/898 255/316/346 284/345/365 721/344/900
f 697/330/897 696/341/896 723/283/867 714/280/866
f 282/339/363 723/283/867 696/341/896 283/342/364
f 704/322/908 573/346/919 572/121/730 571/119/729
f 702/320/906 724/347/920 573/346/919 704/322/908
f 573/346/919 724/347/920 574/348/921 572/121/730
f 100/349/369 575/350/922 722/282/868 281/338/362
f 575/350/922 574/348/921 724/347/920 722/282/868
f 700/281/869 722/282/868 724/347/920 702/320/906
f 730/351/923 731/354/924 738/353/925 737/352/926
f 728/355/927 729/358/928 736/357/929 735/356/930
f 726/359/931 727/362/932 734/361/933 733/360/934
f 725/363/935 732/366/936 738/365/925 731/364/924
f 729/358/928 730/351/923 737/352/926 736/357/929
f 727/362/932 728/355/927 735/356/930 734/361/933
f 725/363/935 726/359/931 733/360/934 732/366/936
f 732/366/936 733/360/934 740/368/937 739/367/938
f 737/352/926 738/353/925 745/370/939 744/369/940
f 735/356/930 736/357/929 743/372/941 742/371/942
f 733/360/934 734/361/933 741/373/943 740/368/937
f 732/366/936 739/367/938 745/374/939 738/365/925
f 736/357/929 737/352/926 744/369/940 743/372/941
f 734/361/933 735/356/930 742/371/942 741/373/943
f 739/367/938 746/376/944 752/375/945 745/374/939
f 743/372/941 744/369/940 751/378/946 750/377/947
f 741/373/943 742/371/942 749/380/948 748/379/949
f 739/367/938 740/368/937 747/381/950 746/376/944
f 744/369/940 745/370/939 752/382/945 751/378/946
f 742/371/942 743/372/941 750/377/947 749/380/948
f 740/368/937 741/373/943 748/379/949 747/381/950
f 731/354/924 730/351/923 758/384/951 759/383/952
f 729/358/928 728/355/927 756/386/953 757/385/954
f 727/362/932 726/359/931 754/388/955 755/387/956
f 731/364/924 759/390/952 753/389/957 725/363/935
f 730/351/923 729/358/928 757/385/954 758/384/951
f 728/355/927 727/362/932 755/387/956 756/386/953
f 726/359/931 725/363/935 753/389/957 754/388/955
f 756/386/953 755/387/956 762/392/958 763/391/959
f 754/388/955 753/389/957 760/394/960 761/393/961
f 759/383/952 758/384/951 765/396/962 766/395/963
f 757/385/954 756/386/953 763/391/959 764/397/964
f 755/387/956 754/388/955 761/393/961 762/392/958
f 759/390/952 766/398/963 760/394/960 753/389/957
f 758/384/951 757/385/954 764/397/964 765/396/962
f 766/398/963 773/400/965 767/399/966 760/394/960
f 765/396/962 764/397/964 771/402/967 772/401/968
f 763/391/959 762/392/958 769/404/969 770/403/970
f 761/393/961 760/394/960 767/399/966 768/405/971
f 766/395/963 765/396/962 772/401/968 773/406/965
f 764/397/964 763/391/959 770/403/970 771/402/967
f 762/392/958 761/393/961 768/405/971 769/404/969
f 773/406/965 772/401/968 779/408/972 780/407/973
f 771/402/967 770/403/970 777/410/974 778/409/975
f 769/404/969 768/405/971 775/412/976 776/411/977
f 773/400/965 780/414/973 774/413/978 767/399/966
f 770/403/970 769/404/969 776/411/977 777/410/974
f 768/405/971 767/399/966 774/413/978 775/412/976
f 750/377/979 785/416/980 784/415/981 749/380/982
f 748/379/983 783/418/984 782/417/985 747/381/986
f 746/376/987 781/420/988 787/419/989 752/375/990
f 751/378/991 786/421/992 785/416/980 750/377/979
f 749/380/982 784/415/981 783/418/984 748/379/983
f 747/381/986 782/417/985 781/420/988 746/376/987
f 752/382/990 787/422/989 786/421/992 751/378/991
f 781/420/988 788/424/993 794/423/994 787/419/989
f 786/421/992 793/426/995 792/425/996 785/416/980
f 784/415/981 791/428/997 790/427/998 783/418/984
f 782/417/985 789/429/999 788/424/993 781/420/988
f 787/422/989 794/430/994 793/426/995 786/421/992
f 785/416/980 792/425/996 791/428/997 784/415/981
f 783/418/984 790/427/998 789/429/999 782/417/985
f 771/402/967 795/431/1000 779/408/972 772/401/968
f 795/431/1000 771/402/967 778/409/975
f 796/432/1001 798/435/1002 799/434/1003 797/433/1004
f 838/436/1005 799/434/1003 798/435/1002 839/437/1006
f 840/438/1007 836/96/710 536/440/1008 518/439/1009
f 840/438/1007 839/437/1006 798/435/1002 800/441/1010
f 542/97/711 800/441/1010 548/442/1011 556/95/709
f 548/442/1011 800/441/1010 798/435/1002 796/432/1001
f 695/315/898 694/443/893 698/314/903
f 561/100/716 564/106/722 802/444/1012 713/329/916
f 564/106/722 566/108/724 801/445/1013 802/444/1012
f 538/104/719 537/70/688 510/4/637 559/98/714
f 568/110/726 921/311/902 801/445/1013 566/108/724
f 694/301/893 693/302/892 801/446/1014
f 802/444/1015 801/445/1014 693/448/892 803/447/1016
f 693/448/892 692/335/899 719/334/918 803/447/1016
f 562/103/720 803/447/1016 719/334/918 712/102/717
f 562/103/720 713/329/1017 802/444/1015 803/447/1016
f 562/103/720 538/104/719 713/329/1017
f 804/449/466 805/452/466 688/451/466 689/450/466
f 684/453/466 685/454/466 805/452/466 804/449/466
f 686/455/466 805/452/466 685/454/466
f 687/456/466 805/452/466 686/455/466
f 688/451/466 805/452/466 687/456/466
f 690/457/466 684/453/466 804/449/466
f 689/450/466 690/457/466 804/449/466
f 806/458/466 792/461/466 793/460/466 807/459/466
f 789/462/466 806/458/466 807/459/466 788/463/466
f 794/464/466 788/463/466 807/459/466
f 792/461/466 806/458/466 791/465/466
f 790/466/466 791/465/466 806/458/466
f 789/462/466 790/466/466 806/458/466
f 793/460/466 794/464/466 807/459/466
f 567/111/725 808/468/1018 370/467/467 87/113/125
f 808/468/1018 795/470/1000 372/469/469 370/467/467
f 372/471/469 795/474/1000 778/473/975 371/472/470
f 817/475/1019 560/101/715 558/99/713 816/476/1020
f 780/477/1021 565/109/723 563/107/721 818/478/1022
f 560/101/715 817/475/1019 818/478/1022 563/107/721
f 567/111/725 565/109/723 780/477/1021 808/468/1018
f 779/479/1023 795/470/1000 808/468/1018
f 780/477/1021 779/479/1023 808/468/1018
f 813/480/1024 819/483/1025 820/482/1026 814/481/1027
f 819/483/1025 821/485/1028 822/484/1029 820/482/1026
f 392/85/95 63/487/100 844/486/703 823/84/702
f 816/476/1020 820/482/1026 822/484/1029 817/475/1019
f 824/488/1030 822/484/1029 821/485/1028 825/489/1031
f 774/490/978 824/488/1030 825/489/1031 775/491/976
f 817/475/1019 822/484/1029 824/488/1030 818/478/1022
f 774/490/978 780/477/973 818/478/1022 824/488/1030
f 823/84/702 844/486/703 547/492/1032 826/81/700
f 843/79/698 545/494/1033 543/493/1034 827/77/695
f 826/81/700 547/492/1032 545/494/1033 843/79/698
f 815/495/1035 814/481/1027 820/482/1026 816/476/1020
f 815/495/1035 816/476/1020 558/99/713 508/1/636
f 830/496/1036 829/497/1037 821/485/1028 819/483/1025
f 776/498/977 832/501/1038 809/500/1039 777/499/974
f 830/496/1036 812/504/1040 831/503/1041 811/502/1042
f 813/480/1024 812/504/1040 830/496/1036 819/483/1025
f 811/502/1042 810/505/1043 829/497/1037 830/496/1036
f 810/505/1043 809/500/1039 832/501/1038 829/497/1037
f 825/489/1031 821/485/1028 829/497/1037 832/501/1038
f 776/498/977 775/491/976 825/489/1031 832/501/1038
f 863/506/1044 864/509/1045 846/508/1046 546/507/1047
f 834/88/704 833/510/1048 811/502/1042 831/503/1041
f 518/439/1009 535/511/1049 839/437/1006 840/438/1007
f 800/441/1010 542/97/711 836/96/710 840/438/1007
f 522/512/1050 838/436/1005 839/437/1006 535/511/1049
f 536/440/1008 836/96/710 837/71/689 550/513/1051
f 550/513/1051 837/71/689 835/72/692 514/514/1052
f 545/515/1033 547/516/1032 831/503/1041 812/504/1040
f 841/517/1053 543/518/1034 813/480/1024 814/481/1027
f 509/519/639 512/520/641 514/514/1052 835/72/692
f 842/521/1054 815/495/1035 508/1/636 509/2/639
f 541/73/691 842/522/1054 509/519/639 835/72/692
f 814/481/1027 815/495/1035 842/521/1054 841/517/1053
f 555/76/696 841/523/1053 842/522/1054 541/73/691
f 554/82/699 845/83/701 823/84/702 826/81/700
f 834/88/704 831/503/1041 547/516/1032 844/87/703
f 778/473/975 777/499/974 849/524/1055
f 554/82/699 553/80/697 546/94/708 846/91/705
f 777/499/974 809/500/1039 848/525/1056 849/524/1055
f 809/500/1039 810/505/1043 847/526/1057 848/525/1056
f 833/510/1048 847/526/1057 810/505/1043 811/502/1042
f 374/527/510 848/525/1056 847/526/1057 375/528/511
f 373/529/512 849/524/1055 848/525/1056 374/527/510
f 778/473/975 849/524/1055 373/529/512 371/472/470
f 833/510/1048 419/530/513 375/528/511 847/526/1057
f 376/89/99 419/530/513 833/510/1048 834/88/704
f 534/531/1058 526/534/1059 855/533/1060 856/532/1061
f 850/535/1062 838/536/1005 856/532/1061
f 534/531/1058 856/532/1061 838/536/1005 522/537/1050
f 526/534/1059 533/539/1063 853/538/1064 855/533/1060
f 799/540/1003 838/536/1005 850/535/1062 858/541/1065
f 851/542/1066 859/543/1067 858/541/1065 850/535/1062
f 860/544/1068 797/545/1004 799/540/1003 858/541/1065
f 861/546/1069 924/547/1070 797/545/1004 860/544/1068
f 546/507/1047 544/549/707 862/548/1071 863/506/1044
f 437/550/528 505/553/531 923/552/1072 866/551/1073
f 505/553/531 64/555/533 828/554/1074 923/552/1072
f 854/556/1075 853/538/1064 533/539/1063 532/557/1076
f 857/558/1077 859/543/1067 851/542/1066 852/559/1078
f 853/538/1064 854/556/1075 857/558/1077 852/559/1078
f 866/551/1073 867/561/1079 439/560/538 437/550/528
f 867/561/1079 868/563/1080 441/562/540 439/560/538
f 868/563/1080 869/565/1081 443/564/542 441/562/540
f 869/565/1081 870/567/1082 445/566/544 443/564/542
f 870/567/1082 871/569/1083 447/568/546 445/566/544
f 871/569/1083 872/571/1084 449/570/548 447/568/546
f 870/567/1082 873/573/1085 874/572/1086 871/569/1083
f 872/571/1084 875/575/1087 453/574/552 449/570/548
f 875/575/1087 876/577/1088 455/576/554 453/574/552
f 876/577/1088 877/579/1089 457/578/556 455/576/554
f 44/580/558 457/578/556 877/579/1089 531/581/1090
f 879/582/1091 875/575/1092 872/571/1093
f 879/582/1091 878/583/1094 876/577/1095 875/575/1092
f 869/565/1081 881/584/1096 873/573/1085 870/567/1082
f 868/563/1080 881/584/1096 869/565/1081
f 867/561/1079 882/585/1097 881/584/1096 868/563/1080
f 865/586/1098 882/585/1097 867/561/1079 866/551/1073
f 880/587/1099 883/589/1100 890/588/1101
f 884/590/1102 891/591/1103 890/588/1101 883/589/1100
f 887/592/1104 889/593/1105 890/588/1101 891/591/1103
f 885/594/1106 886/595/1107 887/592/1104 891/591/1103
f 885/594/1106 891/591/1103 884/590/1102
f 880/587/1099 890/588/1101 889/593/1105 888/596/1108
f 863/506/1044 893/598/1109 922/597/1110 864/509/1045
f 894/599/1111 884/602/1112 883/601/1113 895/600/1114
f 899/603/1115 882/585/1097 865/586/1098 898/604/1116
f 879/582/1117 897/606/1118 896/605/1119 878/583/1120
f 897/606/1118 899/603/1115 898/604/1116 896/605/1119
f 873/573/1085 899/603/1115 897/606/1118 874/572/1086
f 879/582/1117 872/571/1084 874/572/1086 897/606/1118
f 871/569/1083 874/572/1086 872/571/1084
f 881/584/1096 882/585/1097 899/603/1115 873/573/1085
f 865/586/1098 922/597/1110 895/600/1114 898/604/1116
f 895/600/1114 883/601/1113 896/605/1119 898/604/1116
f 878/583/1120 896/605/1119 883/601/1113 880/607/1121
f 901/608/1122 900/609/1123 862/548/1071 861/546/1069
f 894/599/1111 893/598/1109 900/609/1123 901/608/1122
f 862/548/1071 900/609/1123 893/598/1109 863/506/1044
f 902/610/1124 901/608/1122 861/546/1069 860/544/1068
f 859/543/1067 902/610/1124 860/544/1068 858/541/1065
f 885/611/1125 902/610/1124 859/543/1067 886/612/1126
f 885/611/1125 884/602/1112 902/610/1124
f 884/602/1112 894/599/1111 901/608/1122 902/610/1124
f 903/613/1127 854/556/1075 532/557/1076 531/581/1090
f 878/583/1094 880/607/1128 888/614/1129 876/577/1095
f 892/615/1130 886/612/1126 859/543/1067 857/558/1077
f 854/556/1075 903/613/1127 892/615/1130 857/558/1077
f 889/616/1131 887/618/1132 892/615/1130 904/617/1133
f 887/618/1132 886/612/1126 892/615/1130
f 876/577/1095 888/614/1129 877/579/1089
f 531/581/1090 904/617/1133 903/613/1127
f 892/615/1130 903/613/1127 904/617/1133
f 904/617/1133 531/581/1090 877/579/1089
f 877/579/1089 888/614/1129 889/616/1131 904/617/1133
f 851/619/1134 906/622/1135 907/621/1136 852/620/1137
f 856/623/1138 910/626/1139 905/625/1140 850/624/1141
f 852/627/1142 907/630/1143 908/629/1144 853/628/1145
f 853/628/1145 908/629/1144 909/632/1146 855/631/1147
f 850/633/1148 905/634/1149 906/622/1135 851/619/1134
f 855/631/1147 909/632/1146 910/626/1139 856/623/1138
f 909/632/1146 911/636/1150 912/635/1151 910/626/1139
f 906/622/1135 914/638/1152 915/637/1153 907/621/1136
f 905/634/1149 913/639/1154 914/638/1152 906/622/1135
f 914/638/1152 916/641/1155 917/640/1156 915/637/1153
f 913/639/1154 916/641/1155 914/638/1152
f 918/642/1157 911/636/1150 909/632/1146 908/629/1144
f 908/629/1144 907/630/1143 915/643/1158 918/642/1157
f 905/625/1140 910/626/1139 912/635/1151 913/644/1159
f 918/642/1157 920/646/1160 919/645/1161 911/636/1150
f 912/635/1151 911/636/1150 919/645/1161
f 916/647/1162 913/644/1159 912/635/1151 919/645/1161
f 920/646/1160 918/642/1157 915/643/1158 917/648/1163
f 920/646/1160 917/648/1163 916/647/1162 919/645/1161
f 921/311/902 698/314/903 694/443/893 801/445/1013
f 502/312/343 253/313/344 698/314/903 921/311/902
f 828/92/706 64/649/633 72/86/96 845/83/701
f 812/504/1040 813/480/1024 543/518/1034 545/515/1033
f 827/77/695 543/493/1034 841/523/1053 555/76/696
f 7/650/7 10/651/634 514/514/1052 512/520/641
f 922/597/1110 865/586/1098 866/551/1073
f 866/551/1073 923/552/1072 864/509/1045 922/597/1110
f 923/552/1072 828/554/1074 846/508/1046 864/509/1045
f 895/600/1114 922/597/1110 893/598/1109 894/599/1111
f 924/652/1070 796/432/1001 797/433/1004
f 924/547/1070 861/546/1069 862/548/1071 925/653/1164
f 544/93/707 556/95/709 548/442/1011 925/654/1164
f 548/442/1011 796/432/1001 924/652/1070 925/654/1164
f 862/548/1071 544/549/707 925/653/1164
f 926/655/1165 927/656/1166 929/657/1167 928/658/1167
f 928/658/1168 929/657/1169 933/659/1170 932/660/1171
f 926/655/1172 930/661/1173 937/662/1174 934/663/1175
f 928/658/1168 932/664/1171 930/661/1173 926/655/1172
f 933/665/1170 929/657/1169 927/656/1176 931/666/1177
f 936/667/1178 935/668/1179 939/669/1180 940/670/1181
f 931/666/1177 927/656/1176 935/668/1179 936/667/1178
f 927/656/1166 926/655/1165 934/663/1182 935/668/1183
f 941/671/1184 940/672/1181 939/669/1180 938/673/1185
f 934/663/1175 937/662/1174 941/674/1184 938/673/1185
f 935/668/1183 934/663/1182 938/673/1186 939/669/1186
f 942/655/1187 944/658/1188 945/657/1188 943/656/1189
f 944/658/1190 948/660/1191 949/659/1192 945/657/1193
f 942/655/1194 950/663/1195 953/662/1196 946/661/1197
f 944/658/1190 942/655/1194 946/661/1197 948/664/1191
f 949/665/1192 947/666/1198 943/656/1199 945/657/1193
f 952/667/1200 956/670/1201 955/669/1202 951/668/1203
f 947/666/1198 952/667/1200 951/668/1203 943/656/1199
f 943/656/1189 951/668/1204 950/663/1205 942/655/1187
f 957/671/1206 954/673/1207 955/669/1202 956/672/1201
f 950/663/1195 954/673/1207 957/674/1206 953/662/1196
f 951/668/1204 955/669/1208 954/673/1208 950/663/1205
